telemetry_index,anomaly_score,decision
49,0.009550475515425205,NORMAL
50,0.010166650637984276,NORMAL
51,0.010782335884869099,NORMAL
52,0.011398090980947018,NORMAL
53,0.01201449055224657,NORMAL
54,0.012632056139409542,NORMAL
55,0.013251121155917645,NORMAL
56,0.013871682807803154,NORMAL
57,0.014493221417069435,NORMAL
58,0.015114456415176392,NORMAL
59,0.015733608976006508,NORMAL
60,0.016349099576473236,NORMAL
61,0.016960695385932922,NORMAL
62,0.01757013611495495,NORMAL
63,0.01818067394196987,NORMAL
64,0.018796125426888466,NORMAL
65,0.019420292228460312,NORMAL
66,0.020057586953043938,NORMAL
67,0.020717397332191467,NORMAL
68,0.021444760262966156,NORMAL
69,0.02249527908861637,NORMAL
70,0.022809267044067383,NORMAL
71,0.023457448929548264,NORMAL
72,0.024106137454509735,NORMAL
73,0.024754302576184273,NORMAL
74,0.025400789454579353,NORMAL
75,0.02604461833834648,NORMAL
76,0.026685521006584167,NORMAL
77,0.027324508875608444,NORMAL
78,0.02796448953449726,NORMAL
79,0.028609979897737503,NORMAL
80,0.029265906661748886,NORMAL
81,0.029935965314507484,NORMAL
82,0.030621536076068878,NORMAL
83,0.0313219279050827,NORMAL
84,0.03203470632433891,NORMAL
85,0.032754894345998764,NORMAL
86,0.03407096490263939,NORMAL
87,0.035266052931547165,NORMAL
88,0.03608229383826256,NORMAL
89,0.0370996817946434,NORMAL
90,0.038123540580272675,NORMAL
91,0.039142828434705734,NORMAL
92,0.04013800993561745,NORMAL
93,0.04104408621788025,NORMAL
94,0.04153961315751076,NORMAL
95,0.04281410202383995,NORMAL
96,0.04403410851955414,NORMAL
97,0.04526517540216446,NORMAL
98,0.04649455472826958,NORMAL
99,0.047720715403556824,NORMAL
100,0.04894331470131874,NORMAL
101,0.05016300082206726,NORMAL
102,0.05138063430786133,NORMAL
103,0.05259706452488899,NORMAL
104,0.05381309613585472,NORMAL
105,0.05589175596833229,NORMAL
106,0.05792837217450142,NORMAL
107,0.059984613209962845,NORMAL
108,0.062045179307460785,NORMAL
109,0.06410696357488632,NORMAL
110,0.06616897135972977,NORMAL
111,0.06823155283927917,NORMAL
112,0.07029537856578827,NORMAL
113,0.07236117869615555,NORMAL
114,0.07442954182624817,NORMAL
115,0.07650088518857956,NORMAL
116,0.07857538014650345,NORMAL
117,0.08065294474363327,NORMAL
118,0.08273326605558395,NORMAL
119,0.08579780906438828,NORMAL
120,0.08785656094551086,NORMAL
121,0.09095028042793274,NORMAL
122,0.09399285912513733,NORMAL
123,0.09706070274114609,NORMAL
124,0.10013750195503235,NORMAL
125,0.10322271287441254,NORMAL
126,0.1063193529844284,NORMAL
127,0.10943116992712021,NORMAL
128,0.11256010085344315,NORMAL
129,0.11570534110069275,NORMAL
130,0.11886294186115265,ANOMALY
131,0.12202650308609009,ANOMALY
132,0.12518645823001862,ANOMALY
133,0.12832506000995636,ANOMALY
134,0.13039450347423553,ANOMALY
135,0.13207945227622986,ANOMALY
136,0.13364261388778687,ANOMALY
137,0.1352156102657318,ANOMALY
138,0.13680650293827057,ANOMALY
139,0.13841474056243896,ANOMALY
140,0.1400337666273117,ANOMALY
141,0.1416524052619934,ANOMALY
142,0.14325051009655,ANOMALY
143,0.14476269483566284,ANOMALY
144,0.14586730301380157,ANOMALY
145,0.14673687517642975,ANOMALY
146,0.1476234644651413,ANOMALY
147,0.14852957427501678,ANOMALY
148,0.14945478737354279,ANOMALY
149,0.1503954529762268,ANOMALY
150,0.15134455263614655,ANOMALY
151,0.15229077637195587,ANOMALY
152,0.15321296453475952,ANOMALY
153,0.15404312312602997,ANOMALY
154,0.15445499122142792,ANOMALY
155,0.15446776151657104,ANOMALY
156,0.15354017913341522,ANOMALY
157,0.15362726151943207,ANOMALY
158,0.1536056101322174,ANOMALY
159,0.15361450612545013,ANOMALY
160,0.1536346971988678,ANOMALY
161,0.15366609394550323,ANOMALY
162,0.15370868146419525,ANOMALY
163,0.15484139323234558,ANOMALY
164,0.15589773654937744,ANOMALY
165,0.15697984397411346,ANOMALY
166,0.15804563462734222,ANOMALY
167,0.15903350710868835,ANOMALY
168,0.15966394543647766,ANOMALY
169,0.16007600724697113,ANOMALY
170,0.16060617566108704,ANOMALY
171,0.1617620438337326,ANOMALY
172,0.16285134851932526,ANOMALY
173,0.1639634668827057,ANOMALY
174,0.1650666743516922,ANOMALY
175,0.16615065932273865,ANOMALY
176,0.16721194982528687,ANOMALY
177,0.16825199127197266,ANOMALY
178,0.16927595436573029,ANOMALY
179,0.17029188573360443,ANOMALY
180,0.17131176590919495,ANOMALY
181,0.17235741019248962,ANOMALY
182,0.17470736801624298,ANOMALY
183,0.17746807634830475,ANOMALY
184,0.18081258237361908,ANOMALY
185,0.184176504611969,ANOMALY
186,0.1875496357679367,ANOMALY
187,0.19092854857444763,ANOMALY
188,0.19431298971176147,ANOMALY
189,0.19770365953445435,ANOMALY
190,0.20110134780406952,ANOMALY
191,0.2045065462589264,ANOMALY
192,0.2079188972711563,ANOMALY
193,0.21133704483509064,ANOMALY
194,0.2147589921951294,ANOMALY
195,0.21818247437477112,ANOMALY
196,0.2216060608625412,ANOMALY
197,0.22502964735031128,ANOMALY
198,0.22845445573329926,ANOMALY
199,0.23188269138336182,ANOMALY
200,0.23531797528266907,ANOMALY
201,0.2387656271457672,ANOMALY
202,0.24223339557647705,ANOMALY
203,0.24573571979999542,ANOMALY
204,0.24932391941547394,ANOMALY
205,0.2532599866390228,ANOMALY
206,0.25716838240623474,ANOMALY
207,0.2607046067714691,ANOMALY
208,0.26424703001976013,ANOMALY
209,0.26778775453567505,ANOMALY
210,0.2713102400302887,ANOMALY
211,0.2735765278339386,ANOMALY
212,0.2754025459289551,ANOMALY
213,0.2766408324241638,ANOMALY
214,0.2778724431991577,ANOMALY
215,0.2791104316711426,ANOMALY
216,0.28035426139831543,ANOMALY
217,0.2815941870212555,ANOMALY
218,0.28280967473983765,ANOMALY
219,0.2839323878288269,ANOMALY
220,0.28463539481163025,ANOMALY
221,0.2846633493900299,ANOMALY
222,0.284702330827713,ANOMALY
223,0.28475579619407654,ANOMALY
224,0.2848256230354309,ANOMALY
225,0.284910649061203,ANOMALY
226,0.2850070595741272,ANOMALY
227,0.2864018380641937,ANOMALY
228,0.2877374589443207,ANOMALY
229,0.28909459710121155,ANOMALY
230,0.2903633713722229,ANOMALY
231,0.29120150208473206,ANOMALY
232,0.29120373725891113,ANOMALY
233,0.2911960482597351,ANOMALY
234,0.291179358959198,ANOMALY
235,0.29249346256256104,ANOMALY
236,0.29377979040145874,ANOMALY
237,0.2951171100139618,ANOMALY
238,0.29646649956703186,ANOMALY
239,0.297815203666687,ANOMALY
240,0.29915985465049744,ANOMALY
241,0.3005009889602661,ANOMALY
242,0.3018406629562378,ANOMALY
243,0.3031817674636841,ANOMALY
244,0.3045269250869751,ANOMALY
245,0.30587875843048096,ANOMALY
246,0.307239294052124,ANOMALY
247,0.30860936641693115,ANOMALY
248,0.30998820066452026,ANOMALY
249,0.31137314438819885,ANOMALY
250,0.3127601146697998,ANOMALY
251,0.3141445219516754,ANOMALY
252,0.31678828597068787,ANOMALY
253,0.31949490308761597,ANOMALY
254,0.3210744559764862,ANOMALY
255,0.32257935404777527,ANOMALY
256,0.3240067660808563,ANOMALY
257,0.3254126310348511,ANOMALY
258,0.32683777809143066,ANOMALY
259,0.328360378742218,ANOMALY
260,0.3303154408931732,ANOMALY
261,0.3330923914909363,ANOMALY
262,0.3358701467514038,ANOMALY
263,0.33864861726760864,ANOMALY
264,0.3414284884929657,ANOMALY
265,0.34421229362487793,ANOMALY
266,0.3470034897327423,ANOMALY
267,0.34862059354782104,ANOMALY
268,0.3501551151275635,ANOMALY
269,0.3516036570072174,ANOMALY
270,0.3530261218547821,ANOMALY
271,0.3544432818889618,ANOMALY
272,0.35586002469062805,ANOMALY
273,0.35727253556251526,ANOMALY
274,0.35866546630859375,ANOMALY
275,0.35997408628463745,ANOMALY
276,0.36087116599082947,ANOMALY
277,0.3609597682952881,ANOMALY
278,0.3610633611679077,ANOMALY
279,0.3611774742603302,ANOMALY
280,0.36263683438301086,ANOMALY
281,0.36275383830070496,ANOMALY
282,0.36423632502555847,ANOMALY
283,0.36556312441825867,ANOMALY
284,0.3665080964565277,ANOMALY
285,0.36649224162101746,ANOMALY
286,0.3664725124835968,ANOMALY
287,0.36644497513771057,ANOMALY
288,0.36640965938568115,ANOMALY
289,0.3663695156574249,ANOMALY
290,0.36767685413360596,ANOMALY
291,0.3677023947238922,ANOMALY
292,0.36907249689102173,ANOMALY
293,0.37044352293014526,ANOMALY
294,0.3718779683113098,ANOMALY
295,0.3733358085155487,ANOMALY
296,0.374798059463501,ANOMALY
297,0.37625569105148315,ANOMALY
298,0.3777017891407013,ANOMALY
299,0.3791235089302063,ANOMALY
300,0.3804619312286377,ANOMALY
301,0.38264575600624084,ANOMALY
302,0.3839525580406189,ANOMALY
303,0.38581523299217224,ANOMALY
304,0.38885071873664856,ANOMALY
305,0.3919219672679901,ANOMALY
306,0.3950146436691284,ANOMALY
307,0.3970647156238556,ANOMALY
308,0.39996474981307983,ANOMALY
309,0.40294864773750305,ANOMALY
310,0.4060060977935791,ANOMALY
311,0.4091099798679352,ANOMALY
312,0.4122451841831207,ANOMALY
313,0.4154125452041626,ANOMALY
314,0.41862809658050537,ANOMALY
315,0.4219615161418915,ANOMALY
316,0.4257485270500183,ANOMALY
317,0.4305065870285034,ANOMALY
318,0.4352792501449585,ANOMALY
319,0.4400682747364044,ANOMALY
320,0.44487568736076355,ANOMALY
321,0.4497028589248657,ANOMALY
322,0.4545503854751587,ANOMALY
323,0.4594169855117798,ANOMALY
324,0.46429935097694397,ANOMALY
325,0.468191534280777,ANOMALY
326,0.4728407561779022,ANOMALY
327,0.476521372795105,ANOMALY
328,0.4799356758594513,ANOMALY
329,0.4828665256500244,ANOMALY
330,0.48511645197868347,ANOMALY
331,0.48786789178848267,ANOMALY
332,0.4896511137485504,ANOMALY
333,0.4914330244064331,ANOMALY
334,0.49321407079696655,ANOMALY
335,0.4949907958507538,ANOMALY
336,0.4967559576034546,ANOMALY
337,0.4984932839870453,ANOMALY
338,0.5001441836357117,ANOMALY
339,0.5002608299255371,ANOMALY
340,0.49943360686302185,ANOMALY
341,0.49915724992752075,ANOMALY
342,0.49772319197654724,ANOMALY
343,0.49627697467803955,ANOMALY
344,0.4948302209377289,ANOMALY
345,0.4933830499649048,ANOMALY
346,0.4919300079345703,ANOMALY
347,0.4904608428478241,ANOMALY
348,0.48895591497421265,ANOMALY
349,0.487346351146698,ANOMALY
350,0.48530158400535583,ANOMALY
351,0.4819936454296112,ANOMALY
352,0.4800470471382141,ANOMALY
353,0.4781368672847748,ANOMALY
354,0.4763295352458954,ANOMALY
355,0.47461873292922974,ANOMALY
356,0.4732455909252167,ANOMALY
357,0.4726926386356354,ANOMALY
358,0.4708766043186188,ANOMALY
359,0.4690566658973694,ANOMALY
360,0.46723473072052,ANOMALY
361,0.46541211009025574,ANOMALY
362,0.46358898282051086,ANOMALY
363,0.46176445484161377,ANOMALY
364,0.4612159729003906,ANOMALY
365,0.4607642889022827,ANOMALY
366,0.4604080617427826,ANOMALY
367,0.4600903391838074,ANOMALY
368,0.45978495478630066,ANOMALY
369,0.4594850242137909,ANOMALY
370,0.45919278264045715,ANOMALY
371,0.4589170515537262,ANOMALY
372,0.4586770236492157,ANOMALY
373,0.4585361182689667,ANOMALY
374,0.45878133177757263,ANOMALY
375,0.4610617756843567,ANOMALY
376,0.461719810962677,ANOMALY
377,0.46457740664482117,ANOMALY
378,0.4676206707954407,ANOMALY
379,0.4707788825035095,ANOMALY
380,0.47400641441345215,ANOMALY
381,0.4772736728191376,ANOMALY
382,0.4805702865123749,ANOMALY
383,0.4838932454586029,ANOMALY
384,0.4872448742389679,ANOMALY
385,0.4906320869922638,ANOMALY
386,0.49407416582107544,ANOMALY
387,0.49764329195022583,ANOMALY
388,0.5016786456108093,ANOMALY
389,0.5068342685699463,ANOMALY
390,0.5120140314102173,ANOMALY
391,0.5172207355499268,ANOMALY
392,0.5224559903144836,ANOMALY
393,0.5269190073013306,ANOMALY
394,0.5309898853302002,ANOMALY
395,0.5348660945892334,ANOMALY
396,0.5386373400688171,ANOMALY
397,0.5433092713356018,ANOMALY
398,0.5473172664642334,ANOMALY
399,0.5511158108711243,ANOMALY
400,0.5547024607658386,ANOMALY
401,0.5577854514122009,ANOMALY
402,0.5597360134124756,ANOMALY
403,0.561673104763031,ANOMALY
404,0.5636066198348999,ANOMALY
405,0.5645381808280945,ANOMALY
406,0.5651687383651733,ANOMALY
407,0.5656188726425171,ANOMALY
408,0.5659781098365784,ANOMALY
409,0.566286027431488,ANOMALY
410,0.5665519833564758,ANOMALY
411,0.5667647123336792,ANOMALY
412,0.5668579936027527,ANOMALY
413,0.5665009021759033,ANOMALY
414,0.5648786425590515,ANOMALY
415,0.5632502436637878,ANOMALY
416,0.5616196990013123,ANOMALY
417,0.5599894523620605,ANOMALY
418,0.5583606958389282,ANOMALY
419,0.5567324757575989,ANOMALY
420,0.5563992261886597,ANOMALY
421,0.556164026260376,ANOMALY
422,0.5560168623924255,ANOMALY
423,0.5558321475982666,ANOMALY
424,0.555295467376709,ANOMALY
425,0.5537000894546509,ANOMALY
426,0.5530668497085571,ANOMALY
427,0.5510366559028625,ANOMALY
428,0.5490095019340515,ANOMALY
429,0.5481648445129395,ANOMALY
430,0.547502338886261,ANOMALY
431,0.5469707250595093,ANOMALY
432,0.5465036630630493,ANOMALY
433,0.5460662245750427,ANOMALY
434,0.5456464886665344,ANOMALY
435,0.545242190361023,ANOMALY
436,0.5448555946350098,ANOMALY
437,0.5444908738136292,ANOMALY
438,0.5441545844078064,ANOMALY
439,0.5438558459281921,ANOMALY
440,0.5436144471168518,ANOMALY
441,0.5435009598731995,ANOMALY
442,0.5438497066497803,ANOMALY
443,0.5455988645553589,ANOMALY
444,0.5473397374153137,ANOMALY
445,0.5490151643753052,ANOMALY
446,0.5503562688827515,ANOMALY
447,0.5507555603981018,ANOMALY
448,0.5525510311126709,ANOMALY
449,0.5543537735939026,ANOMALY
450,0.5561680793762207,ANOMALY
451,0.5588650703430176,ANOMALY
452,0.5619628429412842,ANOMALY
453,0.5646021366119385,ANOMALY
454,0.5673866271972656,ANOMALY
455,0.5712717771530151,ANOMALY
456,0.5750824213027954,ANOMALY
457,0.5788621306419373,ANOMALY
458,0.582630455493927,ANOMALY
459,0.5863984823226929,ANOMALY
460,0.5901718139648438,ANOMALY
461,0.5939524173736572,ANOMALY
462,0.5977398753166199,ANOMALY
463,0.6015317440032959,ANOMALY
464,0.6053237318992615,ANOMALY
465,0.6091108918190002,ANOMALY
466,0.6128853559494019,ANOMALY
467,0.6166291236877441,ANOMALY
468,0.6194393038749695,ANOMALY
469,0.6222929954528809,ANOMALY
470,0.624064028263092,ANOMALY
471,0.6259351968765259,ANOMALY
472,0.6278660893440247,ANOMALY
473,0.629824697971344,ANOMALY
474,0.6317934989929199,ANOMALY
475,0.6337573528289795,ANOMALY
476,0.6356920599937439,ANOMALY
477,0.6375224590301514,ANOMALY
478,0.6398318409919739,ANOMALY
479,0.6410822868347168,ANOMALY
480,0.6425214409828186,ANOMALY
481,0.6440691351890564,ANOMALY
482,0.6456785798072815,ANOMALY
483,0.6473296880722046,ANOMALY
484,0.6490140557289124,ANOMALY
485,0.6507278680801392,ANOMALY
486,0.6524699330329895,ANOMALY
487,0.6542412042617798,ANOMALY
488,0.6560428142547607,ANOMALY
489,0.6578758358955383,ANOMALY
490,0.659740149974823,ANOMALY
491,0.6622872352600098,ANOMALY
492,0.6653123497962952,ANOMALY
493,0.6685840487480164,ANOMALY
494,0.6720139384269714,ANOMALY
495,0.6755431890487671,ANOMALY
496,0.6791446208953857,ANOMALY
497,0.6827998161315918,ANOMALY
498,0.6864874362945557,ANOMALY
499,0.6901357769966125,ANOMALY
500,0.6934187412261963,ANOMALY
501,0.695341944694519,ANOMALY
502,0.6977717876434326,ANOMALY
503,0.7017704248428345,ANOMALY
504,0.7058088183403015,ANOMALY
505,0.7098816633224487,ANOMALY
506,0.7139849662780762,ANOMALY
507,0.7181144952774048,ANOMALY
508,0.7222676873207092,ANOMALY
509,0.7264420390129089,ANOMALY
510,0.7306355834007263,ANOMALY
511,0.7348466515541077,ANOMALY
512,0.7390744090080261,ANOMALY
513,0.7433196902275085,ANOMALY
514,0.7475870251655579,ANOMALY
515,0.7518898844718933,ANOMALY
516,0.7562861442565918,ANOMALY
517,0.7610459923744202,ANOMALY
518,0.7667426466941833,ANOMALY
519,0.7710822820663452,ANOMALY
520,0.7754383087158203,ANOMALY
521,0.779806911945343,ANOMALY
522,0.7841821312904358,ANOMALY
523,0.7885560393333435,ANOMALY
524,0.7929164171218872,ANOMALY
525,0.7970085740089417,ANOMALY
526,0.8002766370773315,ANOMALY
527,0.8027549982070923,ANOMALY
528,0.8035037517547607,ANOMALY
529,0.8041307330131531,ANOMALY
530,0.8046761155128479,ANOMALY
531,0.805163562297821,ANOMALY
532,0.805606484413147,ANOMALY
533,0.8060128688812256,ANOMALY
534,0.8063874840736389,ANOMALY
535,0.8067314624786377,ANOMALY
536,0.8064785003662109,ANOMALY
537,0.8062584400177002,ANOMALY
538,0.8062139749526978,ANOMALY
539,0.8061443567276001,ANOMALY
540,0.8056647777557373,ANOMALY
541,0.8035166263580322,ANOMALY
542,0.8013653755187988,ANOMALY
543,0.7992061376571655,ANOMALY
544,0.7970373630523682,ANOMALY
545,0.7948591113090515,ANOMALY
546,0.7926716804504395,ANOMALY
547,0.7904752492904663,ANOMALY
548,0.7882704734802246,ANOMALY
549,0.786058247089386,ANOMALY
550,0.7845156788825989,ANOMALY
551,0.783416748046875,ANOMALY
552,0.7825442552566528,ANOMALY
553,0.7818077802658081,ANOMALY
554,0.7811524271965027,ANOMALY
555,0.7805566191673279,ANOMALY
556,0.7800118327140808,ANOMALY
557,0.7795145511627197,ANOMALY
558,0.7790631055831909,ANOMALY
559,0.7786563038825989,ANOMALY
560,0.7782920598983765,ANOMALY
561,0.778288722038269,ANOMALY
562,0.7788839936256409,ANOMALY
563,0.7797696590423584,ANOMALY
564,0.7808505892753601,ANOMALY
565,0.7820611596107483,ANOMALY
566,0.7833741903305054,ANOMALY
567,0.7847769260406494,ANOMALY
568,0.7862647175788879,ANOMALY
569,0.7878350615501404,ANOMALY
570,0.789489209651947,ANOMALY
571,0.791231632232666,ANOMALY
572,0.7930780053138733,ANOMALY
573,0.7951025366783142,ANOMALY
574,0.7976479530334473,ANOMALY
575,0.8019058108329773,ANOMALY
576,0.8057318925857544,ANOMALY
577,0.8103981614112854,ANOMALY
578,0.8154537677764893,ANOMALY
579,0.8207969665527344,ANOMALY
580,0.8263452053070068,ANOMALY
581,0.8320642113685608,ANOMALY
582,0.8392207622528076,ANOMALY
583,0.8452688455581665,ANOMALY
584,0.8509937524795532,ANOMALY
585,0.8568304181098938,ANOMALY
586,0.8635818958282471,ANOMALY
587,0.868744969367981,ANOMALY
588,0.8738536238670349,ANOMALY
589,0.8789216876029968,ANOMALY
590,0.8839570879936218,ANOMALY
591,0.8889633417129517,ANOMALY
592,0.8939430117607117,ANOMALY
593,0.8988959789276123,ANOMALY
594,0.9043443202972412,ANOMALY
595,0.9086881875991821,ANOMALY
596,0.9125261902809143,ANOMALY
597,0.9160143136978149,ANOMALY
598,0.9191883206367493,ANOMALY
599,0.9217591881752014,ANOMALY
600,0.9225559830665588,ANOMALY
601,0.9232657551765442,ANOMALY
602,0.9239032864570618,ANOMALY
603,0.9244785308837891,ANOMALY
604,0.9249980449676514,ANOMALY
605,0.9256669878959656,ANOMALY
606,0.9268044829368591,ANOMALY
607,0.9276562333106995,ANOMALY
608,0.9289712309837341,ANOMALY
609,0.9303667545318604,ANOMALY
610,0.9314286112785339,ANOMALY
611,0.9307564496994019,ANOMALY
612,0.9301416277885437,ANOMALY
613,0.929578959941864,ANOMALY
614,0.9290677905082703,ANOMALY
615,0.9286100268363953,ANOMALY
616,0.9282054305076599,ANOMALY
617,0.9278520345687866,ANOMALY
618,0.9275445342063904,ANOMALY
619,0.927275538444519,ANOMALY
620,0.9270357489585876,ANOMALY
621,0.9263635873794556,ANOMALY
622,0.9264742136001587,ANOMALY
623,0.9269099235534668,ANOMALY
624,0.9274894595146179,ANOMALY
625,0.9277842044830322,ANOMALY
626,0.9262890815734863,ANOMALY
627,0.9249395728111267,ANOMALY
628,0.923736035823822,ANOMALY
629,0.9226934313774109,ANOMALY
630,0.9218840003013611,ANOMALY
631,0.9216488599777222,ANOMALY
632,0.9234496355056763,ANOMALY
633,0.9253321886062622,ANOMALY
634,0.9272869229316711,ANOMALY
635,0.929304301738739,ANOMALY
636,0.9313773512840271,ANOMALY
637,0.9335004687309265,ANOMALY
638,0.935670018196106,ANOMALY
639,0.9378859996795654,ANOMALY
640,0.9401540160179138,ANOMALY
641,0.9424942135810852,ANOMALY
642,0.9449858665466309,ANOMALY
643,0.9479811191558838,ANOMALY
644,0.9527998566627502,ANOMALY
645,0.9576484560966492,ANOMALY
646,0.9625247120857239,ANOMALY
647,0.9674267768859863,ANOMALY
648,0.9723508358001709,ANOMALY
649,0.9772911071777344,ANOMALY
650,0.9822409152984619,ANOMALY
651,0.9871892333030701,ANOMALY
652,0.9921141266822815,ANOMALY
653,0.9969444274902344,ANOMALY
654,1.0013843774795532,ANOMALY
655,1.0043829679489136,ANOMALY
656,1.008700966835022,ANOMALY
657,1.0112272500991821,ANOMALY
658,1.0137568712234497,ANOMALY
659,1.0162928104400635,ANOMALY
660,1.0188372135162354,ANOMALY
661,1.0213913917541504,ANOMALY
662,1.0239557027816772,ANOMALY
663,1.0265288352966309,ANOMALY
664,1.0291087627410889,ANOMALY
665,1.0316916704177856,ANOMALY
666,1.0342715978622437,ANOMALY
667,1.0368380546569824,ANOMALY
668,1.0393673181533813,ANOMALY
669,1.0417776107788086,ANOMALY
670,1.0437160730361938,ANOMALY
671,1.0437160730361938,ANOMALY
672,1.0437160730361938,ANOMALY
673,1.0437160730361938,ANOMALY
674,1.0437160730361938,ANOMALY
675,1.0437160730361938,ANOMALY
676,1.0416103601455688,ANOMALY
677,1.040797472000122,ANOMALY
678,1.0405552387237549,ANOMALY
679,1.0407382249832153,ANOMALY
680,1.0412203073501587,ANOMALY
681,1.0419405698776245,ANOMALY
682,1.0428638458251953,ANOMALY
683,1.0439684391021729,ANOMALY
684,1.0452383756637573,ANOMALY
685,1.0466598272323608,ANOMALY
686,1.0482219457626343,ANOMALY
687,1.0499118566513062,ANOMALY
688,1.0482004880905151,ANOMALY
689,1.0483016967773438,ANOMALY
690,1.0492497682571411,ANOMALY
691,1.050861120223999,ANOMALY
692,1.0529708862304688,ANOMALY
693,1.055487036705017,ANOMALY
694,1.0583492517471313,ANOMALY
695,1.0615137815475464,ANOMALY
696,1.0649491548538208,ANOMALY
697,1.068627953529358,ANOMALY
698,1.07252836227417,ANOMALY
699,1.0766291618347168,ANOMALY
700,1.080911636352539,ANOMALY
701,1.0853567123413086,ANOMALY
702,1.0899485349655151,ANOMALY
703,1.094668984413147,ANOMALY
704,1.099503993988037,ANOMALY
705,1.1044385433197021,ANOMALY
706,1.109459400177002,ANOMALY
707,1.11455500125885,ANOMALY
708,1.119714617729187,ANOMALY
709,1.1249301433563232,ANOMALY
710,1.130194067955017,ANOMALY
711,1.135501503944397,ANOMALY
712,1.1408493518829346,ANOMALY
713,1.1462339162826538,ANOMALY
714,1.1516518592834473,ANOMALY
715,1.1571011543273926,ANOMALY
716,1.162576675415039,ANOMALY
717,1.168074131011963,ANOMALY
718,1.1735886335372925,ANOMALY
719,1.183647632598877,ANOMALY
720,1.191560983657837,ANOMALY
721,1.1984554529190063,ANOMALY
722,1.2045687437057495,ANOMALY
723,1.210098147392273,ANOMALY
724,1.2150969505310059,ANOMALY
725,1.2192975282669067,ANOMALY
726,1.2211785316467285,ANOMALY
727,1.2228394746780396,ANOMALY
728,1.224307894706726,ANOMALY
729,1.2256070375442505,ANOMALY
730,1.226754903793335,ANOMALY
731,1.227766513824463,ANOMALY
732,1.2286545038223267,ANOMALY
733,1.2294269800186157,ANOMALY
734,1.2300864458084106,ANOMALY
735,1.2342209815979004,ANOMALY
736,1.236079454421997,ANOMALY
737,1.2364424467086792,ANOMALY
738,1.2338773012161255,ANOMALY
739,1.2278921604156494,ANOMALY
740,1.2232671976089478,ANOMALY
741,1.219133973121643,ANOMALY
742,1.2153151035308838,ANOMALY
743,1.211665153503418,ANOMALY
744,1.2081190347671509,ANOMALY
745,1.2046433687210083,ANOMALY
746,1.2012224197387695,ANOMALY
747,1.1978504657745361,ANOMALY
748,1.1945232152938843,ANOMALY
749,1.191240668296814,ANOMALY
750,1.188001036643982,ANOMALY
751,1.1812306642532349,ANOMALY
752,1.1762360334396362,ANOMALY
753,1.1720478534698486,ANOMALY
754,1.1684776544570923,ANOMALY
755,1.165359616279602,ANOMALY
756,1.1626015901565552,ANOMALY
757,1.160143256187439,ANOMALY
758,1.1579434871673584,ANOMALY
759,1.1559736728668213,ANOMALY
760,1.1542112827301025,ANOMALY
761,1.1526395082473755,ANOMALY
762,1.1467716693878174,ANOMALY
763,1.1429972648620605,ANOMALY
764,1.140231728553772,ANOMALY
765,1.1382856369018555,ANOMALY
766,1.1370229721069336,ANOMALY
767,1.136438250541687,ANOMALY
768,1.1368136405944824,ANOMALY
769,1.1397761106491089,ANOMALY
770,1.143081545829773,ANOMALY
771,1.1466853618621826,ANOMALY
772,1.1505539417266846,ANOMALY
773,1.1546574831008911,ANOMALY
774,1.1589733362197876,ANOMALY
775,1.163480520248413,ANOMALY
776,1.1681612730026245,ANOMALY
777,1.1729992628097534,ANOMALY
778,1.1779780387878418,ANOMALY
779,1.1830852031707764,ANOMALY
780,1.1883095502853394,ANOMALY
781,1.1936453580856323,ANOMALY
782,1.1991044282913208,ANOMALY
783,1.2097830772399902,ANOMALY
784,1.2189193964004517,ANOMALY
785,1.2291187047958374,ANOMALY
786,1.238531470298767,ANOMALY
787,1.2472292184829712,ANOMALY
788,1.2549606561660767,ANOMALY
789,1.2602777481079102,ANOMALY
790,1.265295386314392,ANOMALY
791,1.270065188407898,ANOMALY
792,1.2746180295944214,ANOMALY
793,1.278977394104004,ANOMALY
794,1.2831594944000244,ANOMALY
795,1.2871792316436768,ANOMALY
796,1.2910468578338623,ANOMALY
797,1.2993251085281372,ANOMALY
798,1.3053127527236938,ANOMALY
799,1.3100481033325195,ANOMALY
800,1.31343412399292,ANOMALY
801,1.3139865398406982,ANOMALY
802,1.3140584230422974,ANOMALY
803,1.3137485980987549,ANOMALY
804,1.3131234645843506,ANOMALY
805,1.3122256994247437,ANOMALY
806,1.311085820198059,ANOMALY
807,1.3059020042419434,ANOMALY
808,1.302362322807312,ANOMALY
809,1.299456000328064,ANOMALY
810,1.2969099283218384,ANOMALY
811,1.2942078113555908,ANOMALY
812,1.2894057035446167,ANOMALY
813,1.2847998142242432,ANOMALY
814,1.2803585529327393,ANOMALY
815,1.2760624885559082,ANOMALY
816,1.2718982696533203,ANOMALY
817,1.2678546905517578,ANOMALY
818,1.2639216184616089,ANOMALY
819,1.2600876092910767,ANOMALY
820,1.256342887878418,ANOMALY
821,1.2526775598526,ANOMALY
822,1.2490829229354858,ANOMALY
823,1.245551347732544,ANOMALY
824,1.2420774698257446,ANOMALY
825,1.2341282367706299,ANOMALY
826,1.2281768321990967,ANOMALY
827,1.2231476306915283,ANOMALY
828,1.218848705291748,ANOMALY
829,1.2151367664337158,ANOMALY
830,1.2119485139846802,ANOMALY
831,1.2092986106872559,ANOMALY
832,1.2074861526489258,ANOMALY
833,1.2082959413528442,ANOMALY
834,1.2093570232391357,ANOMALY
835,1.2106389999389648,ANOMALY
836,1.2121161222457886,ANOMALY
837,1.213767409324646,ANOMALY
838,1.2155747413635254,ANOMALY
839,1.217522382736206,ANOMALY
840,1.2195967435836792,ANOMALY
841,1.2217882871627808,ANOMALY
842,1.2240911722183228,ANOMALY
843,1.226506233215332,ANOMALY
844,1.229050636291504,ANOMALY
845,1.2318071126937866,ANOMALY
846,1.2351305484771729,ANOMALY
847,1.2406946420669556,ANOMALY
848,1.2513142824172974,ANOMALY
849,1.2599081993103027,ANOMALY
850,1.2675373554229736,ANOMALY
851,1.2744090557098389,ANOMALY
852,1.280677080154419,ANOMALY
853,1.2864378690719604,ANOMALY
854,1.2917664051055908,ANOMALY
855,1.2966505289077759,ANOMALY
856,1.3007800579071045,ANOMALY
857,1.3024905920028687,ANOMALY
858,1.3039953708648682,ANOMALY
859,1.3053172826766968,ANOMALY
860,1.3064744472503662,ANOMALY
861,1.307486891746521,ANOMALY
862,1.308371901512146,ANOMALY
863,1.3091456890106201,ANOMALY
864,1.3098225593566895,ANOMALY
865,1.3104153871536255,ANOMALY
866,1.3109341859817505,ANOMALY
867,1.3113867044448853,ANOMALY
868,1.3117804527282715,ANOMALY
869,1.3121191263198853,ANOMALY
870,1.3124034404754639,ANOMALY
871,1.3126293420791626,ANOMALY
872,1.3127775192260742,ANOMALY
873,1.3127658367156982,ANOMALY
874,1.3122382164001465,ANOMALY
875,1.3048304319381714,ANOMALY
876,1.299341082572937,ANOMALY
877,1.2947108745574951,ANOMALY
878,1.2907471656799316,ANOMALY
879,1.2873038053512573,ANOMALY
880,1.2843003273010254,ANOMALY
881,1.2816673517227173,ANOMALY
882,1.2793461084365845,ANOMALY
883,1.2772901058197021,ANOMALY
884,1.275464653968811,ANOMALY
885,1.2738423347473145,ANOMALY
886,1.2724021673202515,ANOMALY
887,1.2661924362182617,ANOMALY
888,1.2620998620986938,ANOMALY
889,1.2590426206588745,ANOMALY
890,1.2568110227584839,ANOMALY
891,1.2552567720413208,ANOMALY
892,1.2543087005615234,ANOMALY
893,1.2539113759994507,ANOMALY
894,1.2540005445480347,ANOMALY
895,1.2545298337936401,ANOMALY
896,1.2555339336395264,ANOMALY
897,1.2573347091674805,ANOMALY
898,1.2616989612579346,ANOMALY
899,1.2662911415100098,ANOMALY
900,1.2710875272750854,ANOMALY
901,1.2760653495788574,ANOMALY
902,1.281204104423523,ANOMALY
903,1.286483883857727,ANOMALY
904,1.2918869256973267,ANOMALY
905,1.2973968982696533,ANOMALY
906,1.3029983043670654,ANOMALY
907,1.3086800575256348,ANOMALY
908,1.3144298791885376,ANOMALY
909,1.3202409744262695,ANOMALY
910,1.3261053562164307,ANOMALY
911,1.3320167064666748,ANOMALY
912,1.3379708528518677,ANOMALY
913,1.343961477279663,ANOMALY
914,1.3499839305877686,ANOMALY
915,1.3608229160308838,ANOMALY
916,1.3699496984481812,ANOMALY
917,1.3781808614730835,ANOMALY
918,1.3856799602508545,ANOMALY
919,1.3925706148147583,ANOMALY
920,1.398912787437439,ANOMALY
921,1.404762864112854,ANOMALY
922,1.4101814031600952,ANOMALY
923,1.4151556491851807,ANOMALY
924,1.4193779230117798,ANOMALY
925,1.4210723638534546,ANOMALY
926,1.4225757122039795,ANOMALY
927,1.4287992715835571,ANOMALY
928,1.4329050779342651,ANOMALY
929,1.4358857870101929,ANOMALY
930,1.4379611015319824,ANOMALY
931,1.4392940998077393,ANOMALY
932,1.4399969577789307,ANOMALY
933,1.4401758909225464,ANOMALY
934,1.4399017095565796,ANOMALY
935,1.4391533136367798,ANOMALY
936,1.4376164674758911,ANOMALY
937,1.4333412647247314,ANOMALY
938,1.4288318157196045,ANOMALY
939,1.4241122007369995,ANOMALY
940,1.4192070960998535,ANOMALY
941,1.414137363433838,ANOMALY
942,1.408922553062439,ANOMALY
943,1.3990625143051147,ANOMALY
944,1.391019582748413,ANOMALY
945,1.3837590217590332,ANOMALY
946,1.37709379196167,ANOMALY
947,1.3708878755569458,ANOMALY
948,1.3650680780410767,ANOMALY
949,1.3595705032348633,ANOMALY
950,1.3543399572372437,ANOMALY
951,1.349333643913269,ANOMALY
952,1.3445225954055786,ANOMALY
953,1.3349803686141968,ANOMALY
954,1.3275500535964966,ANOMALY
955,1.3211588859558105,ANOMALY
956,1.3156007528305054,ANOMALY
957,1.3107287883758545,ANOMALY
958,1.3064755201339722,ANOMALY
959,1.3027822971343994,ANOMALY
960,1.2995810508728027,ANOMALY
961,1.2968089580535889,ANOMALY
962,1.2944296598434448,ANOMALY
963,1.2924907207489014,ANOMALY
964,1.2913212776184082,ANOMALY
965,1.2928379774093628,ANOMALY
966,1.2945642471313477,ANOMALY
967,1.2964755296707153,ANOMALY
968,1.2985527515411377,ANOMALY
969,1.3007763624191284,ANOMALY
970,1.3031294345855713,ANOMALY
971,1.305598497390747,ANOMALY
972,1.308172583580017,ANOMALY
973,1.3108482360839844,ANOMALY
974,1.3136407136917114,ANOMALY
975,1.3166340589523315,ANOMALY
976,1.3201878070831299,ANOMALY
977,1.3260875940322876,ANOMALY
978,1.332027792930603,ANOMALY
979,1.3380030393600464,ANOMALY
980,1.3440090417861938,ANOMALY
981,1.3500415086746216,ANOMALY
982,1.3560963869094849,ANOMALY
983,1.3621695041656494,ANOMALY
984,1.3682565689086914,ANOMALY
985,1.3743548393249512,ANOMALY
986,1.380460262298584,ANOMALY
987,1.3865700960159302,ANOMALY
988,1.3926794528961182,ANOMALY
989,1.4035370349884033,ANOMALY
990,1.4126461744308472,ANOMALY
991,1.4207205772399902,ANOMALY
992,1.4275617599487305,ANOMALY
993,1.4314966201782227,ANOMALY
994,1.4348928928375244,ANOMALY
995,1.437814474105835,ANOMALY
996,1.440346360206604,ANOMALY
997,1.4425625801086426,ANOMALY
998,1.4445134401321411,ANOMALY
999,1.4462226629257202,ANOMALY
1000,1.4476896524429321,ANOMALY
1001,1.4488418102264404,ANOMALY
1002,1.4493321180343628,ANOMALY
1003,1.4472167491912842,ANOMALY
1004,1.4449691772460938,ANOMALY
1005,1.4426029920578003,ANOMALY
1006,1.4401309490203857,ANOMALY
1007,1.437565803527832,ANOMALY
1008,1.4349184036254883,ANOMALY
1009,1.4321982860565186,ANOMALY
1010,1.4294148683547974,ANOMALY
1011,1.4217572212219238,ANOMALY
1012,1.4159424304962158,ANOMALY
1013,1.4109731912612915,ANOMALY
1014,1.4066593647003174,ANOMALY
1015,1.4028762578964233,ANOMALY
1016,1.3995695114135742,ANOMALY
1017,1.3966965675354004,ANOMALY
1018,1.394199013710022,ANOMALY
1019,1.3920156955718994,ANOMALY
1020,1.3900946378707886,ANOMALY
1021,1.3884010314941406,ANOMALY
1022,1.386909008026123,ANOMALY
1023,1.3855972290039062,ANOMALY
1024,1.3844478130340576,ANOMALY
1025,1.3834439516067505,ANOMALY
1026,1.3825690746307373,ANOMALY
1027,1.3818087577819824,ANOMALY
1028,1.3811489343643188,ANOMALY
1029,1.3805776834487915,ANOMALY
1030,1.3800843954086304,ANOMALY
1031,1.3796595335006714,ANOMALY
1032,1.3746631145477295,ANOMALY
1033,1.3760310411453247,ANOMALY
1034,1.3766387701034546,ANOMALY
1035,1.3771522045135498,ANOMALY
1036,1.3776320219039917,ANOMALY
1037,1.3782235383987427,ANOMALY
1038,1.3793017864227295,ANOMALY
1039,1.3827788829803467,ANOMALY
1040,1.3861916065216064,ANOMALY
1041,1.3895478248596191,ANOMALY
1042,1.3928658962249756,ANOMALY
1043,1.3961595296859741,ANOMALY
1044,1.3994370698928833,ANOMALY
1045,1.4027018547058105,ANOMALY
1046,1.4059569835662842,ANOMALY
1047,1.4092040061950684,ANOMALY
1048,1.4124441146850586,ANOMALY
1049,1.4156789779663086,ANOMALY
1050,1.4189094305038452,ANOMALY
1051,1.4268791675567627,ANOMALY
1052,1.4331459999084473,ANOMALY
1053,1.4385077953338623,ANOMALY
1054,1.443127155303955,ANOMALY
1055,1.4423985481262207,ANOMALY
1056,1.4429153203964233,ANOMALY
1057,1.4438142776489258,ANOMALY
1058,1.4449546337127686,ANOMALY
1059,1.4461926221847534,ANOMALY
1060,1.4471632242202759,ANOMALY
1061,1.4459240436553955,ANOMALY
1062,1.4448840618133545,ANOMALY
1063,1.4439932107925415,ANOMALY
1064,1.4432090520858765,ANOMALY
1065,1.4425054788589478,ANOMALY
1066,1.441871166229248,ANOMALY
1067,1.4412990808486938,ANOMALY
1068,1.4407868385314941,ANOMALY
1069,1.435734748840332,ANOMALY
1070,1.4324184656143188,ANOMALY
1071,1.4299713373184204,ANOMALY
1072,1.4282312393188477,ANOMALY
1073,1.4270951747894287,ANOMALY
1074,1.426513671875,ANOMALY
1075,1.426450490951538,ANOMALY
1076,1.4268609285354614,ANOMALY
1077,1.4276739358901978,ANOMALY
1078,1.428810477256775,ANOMALY
1079,1.4301937818527222,ANOMALY
1080,1.4317137002944946,ANOMALY
1081,1.4330716133117676,ANOMALY
1082,1.4325653314590454,ANOMALY
1083,1.4347935914993286,ANOMALY
1084,1.437170147895813,ANOMALY
1085,1.4356199502944946,ANOMALY
1086,1.4355250597000122,ANOMALY
1087,1.4361804723739624,ANOMALY
1088,1.4374865293502808,ANOMALY
1089,1.4394055604934692,ANOMALY
1090,1.4419190883636475,ANOMALY
1091,1.4450029134750366,ANOMALY
1092,1.4486218690872192,ANOMALY
1093,1.4527220726013184,ANOMALY
1094,1.4572221040725708,ANOMALY
1095,1.4620420932769775,ANOMALY
1096,1.4671269655227661,ANOMALY
1097,1.4724496603012085,ANOMALY
1098,1.4780125617980957,ANOMALY
1099,1.4838978052139282,ANOMALY
1100,1.4904563426971436,ANOMALY
1101,1.4995194673538208,ANOMALY
1102,1.5086510181427002,ANOMALY
1103,1.5177301168441772,ANOMALY
1104,1.5300014019012451,ANOMALY
1105,1.5390353202819824,ANOMALY
1106,1.5476269721984863,ANOMALY
1107,1.5557268857955933,ANOMALY
1108,1.563279628753662,ANOMALY
1109,1.5702706575393677,ANOMALY
1110,1.5767289400100708,ANOMALY
1111,1.5826973915100098,ANOMALY
1112,1.5882408618927002,ANOMALY
1113,1.5934463739395142,ANOMALY
1114,1.5983887910842896,ANOMALY
1115,1.6031063795089722,ANOMALY
1116,1.607596755027771,ANOMALY
1117,1.6117777824401855,ANOMALY
1118,1.6152931451797485,ANOMALY
1119,1.6200549602508545,ANOMALY
1120,1.6235833168029785,ANOMALY
1121,1.6263420581817627,ANOMALY
1122,1.6283659934997559,ANOMALY
1123,1.6297106742858887,ANOMALY
1124,1.6304327249526978,ANOMALY
1125,1.6305853128433228,ANOMALY
1126,1.6302316188812256,ANOMALY
1127,1.6294625997543335,ANOMALY
1128,1.6283661127090454,ANOMALY
1129,1.631416916847229,ANOMALY
1130,1.6327760219573975,ANOMALY
1131,1.6330842971801758,ANOMALY
1132,1.6324598789215088,ANOMALY
1133,1.630936861038208,ANOMALY
1134,1.6282275915145874,ANOMALY
1135,1.6221767663955688,ANOMALY
1136,1.6156115531921387,ANOMALY
1137,1.608627438545227,ANOMALY
1138,1.5966613292694092,ANOMALY
1139,1.586137056350708,ANOMALY
1140,1.5761947631835938,ANOMALY
1141,1.566680908203125,ANOMALY
1142,1.5574992895126343,ANOMALY
1143,1.5486187934875488,ANOMALY
1144,1.5400161743164062,ANOMALY
1145,1.531651258468628,ANOMALY
1146,1.5234756469726562,ANOMALY
1147,1.5108039379119873,ANOMALY
1148,1.499979853630066,ANOMALY
1149,1.4901102781295776,ANOMALY
1150,1.4810339212417603,ANOMALY
1151,1.4726688861846924,ANOMALY
1152,1.465060830116272,ANOMALY
1153,1.458542823791504,ANOMALY
1154,1.4552712440490723,ANOMALY
1155,1.4524537324905396,ANOMALY
1156,1.4500110149383545,ANOMALY
1157,1.4478803873062134,ANOMALY
1158,1.4460192918777466,ANOMALY
1159,1.4402174949645996,ANOMALY
1160,1.4360475540161133,ANOMALY
1161,1.432755708694458,ANOMALY
1162,1.430222749710083,ANOMALY
1163,1.4283899068832397,ANOMALY
1164,1.4272301197052002,ANOMALY
1165,1.4267152547836304,ANOMALY
1166,1.4268306493759155,ANOMALY
1167,1.4276165962219238,ANOMALY
1168,1.429357886314392,ANOMALY
1169,1.433985948562622,ANOMALY
1170,1.4388930797576904,ANOMALY
1171,1.4440407752990723,ANOMALY
1172,1.4494038820266724,ANOMALY
1173,1.4549627304077148,ANOMALY
1174,1.4607019424438477,ANOMALY
1175,1.4703247547149658,ANOMALY
1176,1.47542142868042,ANOMALY
1177,1.4849780797958374,ANOMALY
1178,1.4941432476043701,ANOMALY
1179,1.5052050352096558,ANOMALY
1180,1.5157629251480103,ANOMALY
1181,1.5258108377456665,ANOMALY
1182,1.535353422164917,ANOMALY
1183,1.5444364547729492,ANOMALY
1184,1.5531189441680908,ANOMALY
1185,1.561423659324646,ANOMALY
1186,1.5693093538284302,ANOMALY
1187,1.5764600038528442,ANOMALY
1188,1.5810267925262451,ANOMALY
1189,1.5893409252166748,ANOMALY
1190,1.596405029296875,ANOMALY
1191,1.602675437927246,ANOMALY
1192,1.6081762313842773,ANOMALY
1193,1.6129511594772339,ANOMALY
1194,1.6170315742492676,ANOMALY
1195,1.6203776597976685,ANOMALY
1196,1.6226884126663208,ANOMALY
1197,1.622002124786377,ANOMALY
1198,1.6209783554077148,ANOMALY
1199,1.6196808815002441,ANOMALY
1200,1.6181488037109375,ANOMALY
1201,1.6164076328277588,ANOMALY
1202,1.614477515220642,ANOMALY
1203,1.6123733520507812,ANOMALY
1204,1.6101094484329224,ANOMALY
1205,1.607691764831543,ANOMALY
1206,1.6051092147827148,ANOMALY
1207,1.6022814512252808,ANOMALY
1208,1.5988539457321167,ANOMALY
1209,1.5882160663604736,ANOMALY
1210,1.583459496498108,ANOMALY
1211,1.5734851360321045,ANOMALY
1212,1.5648581981658936,ANOMALY
1213,1.55686354637146,ANOMALY
1214,1.5494225025177002,ANOMALY
1215,1.5424686670303345,ANOMALY
1216,1.5359597206115723,ANOMALY
1217,1.5298466682434082,ANOMALY
1218,1.5240896940231323,ANOMALY
1219,1.5186480283737183,ANOMALY
1220,1.5134750604629517,ANOMALY
1221,1.5085357427597046,ANOMALY
1222,1.5038222074508667,ANOMALY
1223,1.499393343925476,ANOMALY
1224,1.4955315589904785,ANOMALY
1225,1.4941421747207642,ANOMALY
1226,1.4906785488128662,ANOMALY
1227,1.4900283813476562,ANOMALY
1228,1.4894696474075317,ANOMALY
1229,1.4889898300170898,ANOMALY
1230,1.4885799884796143,ANOMALY
1231,1.4882309436798096,ANOMALY
1232,1.4879355430603027,ANOMALY
1233,1.4876898527145386,ANOMALY
1234,1.487491488456726,ANOMALY
1235,1.4873452186584473,ANOMALY
1236,1.487274169921875,ANOMALY
1237,1.487372875213623,ANOMALY
1238,1.4880080223083496,ANOMALY
1239,1.4912182092666626,ANOMALY
1240,1.4944387674331665,ANOMALY
1241,1.4976680278778076,ANOMALY
1242,1.5009044408798218,ANOMALY
1243,1.5041465759277344,ANOMALY
1244,1.5073955059051514,ANOMALY
1245,1.5106502771377563,ANOMALY
1246,1.5139118432998657,ANOMALY
1247,1.5171804428100586,ANOMALY
1248,1.5204566717147827,ANOMALY
1249,1.523739218711853,ANOMALY
1250,1.5270277261734009,ANOMALY
1251,1.5303213596343994,ANOMALY
1252,1.5336174964904785,ANOMALY
1253,1.5369151830673218,ANOMALY
1254,1.540207862854004,ANOMALY
1255,1.5434870719909668,ANOMALY
1256,1.5467296838760376,ANOMALY
1257,1.5498535633087158,ANOMALY
1258,1.5525585412979126,ANOMALY
1259,1.5530773401260376,ANOMALY
1260,1.5556342601776123,ANOMALY
1261,1.5556342601776123,ANOMALY
1262,1.5556342601776123,ANOMALY
1263,1.5556342601776123,ANOMALY
1264,1.5556342601776123,ANOMALY
1265,1.5556342601776123,ANOMALY
1266,1.5556342601776123,ANOMALY
1267,1.5556342601776123,ANOMALY
1268,1.5556342601776123,ANOMALY
1269,1.5517687797546387,ANOMALY
1270,1.5491260290145874,ANOMALY
1271,1.547085165977478,ANOMALY
1272,1.5455814599990845,ANOMALY
1273,1.5446053743362427,ANOMALY
1274,1.5441583395004272,ANOMALY
1275,1.5442261695861816,ANOMALY
1276,1.544782280921936,ANOMALY
1277,1.5457795858383179,ANOMALY
1278,1.547141432762146,ANOMALY
1279,1.548789381980896,ANOMALY
1280,1.550668478012085,ANOMALY
1281,1.5527461767196655,ANOMALY
1282,1.5550007820129395,ANOMALY
1283,1.5574146509170532,ANOMALY
1284,1.5565251111984253,ANOMALY
1285,1.556715965270996,ANOMALY
1286,1.5574358701705933,ANOMALY
1287,1.5586447715759277,ANOMALY
1288,1.5603848695755005,ANOMALY
1289,1.5627152919769287,ANOMALY
1290,1.565657377243042,ANOMALY
1291,1.569191575050354,ANOMALY
1292,1.5732721090316772,ANOMALY
1293,1.5778264999389648,ANOMALY
1294,1.5827577114105225,ANOMALY
1295,1.5879814624786377,ANOMALY
1296,1.5968459844589233,ANOMALY
1297,1.6051846742630005,ANOMALY
1298,1.6133813858032227,ANOMALY
1299,1.6213525533676147,ANOMALY
1300,1.6289559602737427,ANOMALY
1301,1.6360682249069214,ANOMALY
1302,1.6426475048065186,ANOMALY
1303,1.6487199068069458,ANOMALY
1304,1.6543388366699219,ANOMALY
1305,1.65958571434021,ANOMALY
1306,1.6645593643188477,ANOMALY
1307,1.6693320274353027,ANOMALY
1308,1.6739416122436523,ANOMALY
1309,1.6784069538116455,ANOMALY
1310,1.6827396154403687,ANOMALY
1311,1.6869497299194336,ANOMALY
1312,1.691046953201294,ANOMALY
1313,1.695039987564087,ANOMALY
1314,1.6989353895187378,ANOMALY
1315,1.702732801437378,ANOMALY
1316,1.7098292112350464,ANOMALY
1317,1.7159206867218018,ANOMALY
1318,1.7209994792938232,ANOMALY
1319,1.7228628396987915,ANOMALY
1320,1.7241097688674927,ANOMALY
1321,1.724723219871521,ANOMALY
1322,1.7247402667999268,ANOMALY
1323,1.7279119491577148,ANOMALY
1324,1.729642391204834,ANOMALY
1325,1.7304184436798096,ANOMALY
1326,1.7303105592727661,ANOMALY
1327,1.7293797731399536,ANOMALY
1328,1.7238308191299438,ANOMALY
1329,1.718799114227295,ANOMALY
1330,1.7137768268585205,ANOMALY
1331,1.7087560892105103,ANOMALY
1332,1.7036983966827393,ANOMALY
1333,1.6982859373092651,ANOMALY
1334,1.690218210220337,ANOMALY
1335,1.682336688041687,ANOMALY
1336,1.6746066808700562,ANOMALY
1337,1.6669726371765137,ANOMALY
1338,1.6593934297561646,ANOMALY
1339,1.651851773262024,ANOMALY
1340,1.6443477869033813,ANOMALY
1341,1.6368873119354248,ANOMALY
1342,1.625594973564148,ANOMALY
1343,1.6156214475631714,ANOMALY
1344,1.6064485311508179,ANOMALY
1345,1.598382830619812,ANOMALY
1346,1.593723177909851,ANOMALY
1347,1.5896297693252563,ANOMALY
1348,1.5860846042633057,ANOMALY
1349,1.5830563306808472,ANOMALY
1350,1.5804948806762695,ANOMALY
1351,1.578320026397705,ANOMALY
1352,1.572900414466858,ANOMALY
1353,1.568737506866455,ANOMALY
1354,1.5652273893356323,ANOMALY
1355,1.562310814857483,ANOMALY
1356,1.560011863708496,ANOMALY
1357,1.558376431465149,ANOMALY
1358,1.5574170351028442,ANOMALY
1359,1.5571072101593018,ANOMALY
1360,1.557400107383728,ANOMALY
1361,1.5582233667373657,ANOMALY
1362,1.5594874620437622,ANOMALY
1363,1.5611401796340942,ANOMALY
1364,1.563234806060791,ANOMALY
1365,1.5661152601242065,ANOMALY
1366,1.5718594789505005,ANOMALY
1367,1.577799677848816,ANOMALY
1368,1.5839173793792725,ANOMALY
1369,1.5902026891708374,ANOMALY
1370,1.5966647863388062,ANOMALY
1371,1.603395700454712,ANOMALY
1372,1.6107510328292847,ANOMALY
1373,1.620660424232483,ANOMALY
1374,1.6306072473526,ANOMALY
1375,1.6438496112823486,ANOMALY
1376,1.6562947034835815,ANOMALY
1377,1.6679531335830688,ANOMALY
1378,1.6767868995666504,ANOMALY
1379,1.6851500272750854,ANOMALY
1380,1.6929148435592651,ANOMALY
1381,1.700040578842163,ANOMALY
1382,1.70656418800354,ANOMALY
1383,1.7125521898269653,ANOMALY
1384,1.7180978059768677,ANOMALY
1385,1.7233107089996338,ANOMALY
1386,1.7282720804214478,ANOMALY
1387,1.7330244779586792,ANOMALY
1388,1.7375820875167847,ANOMALY
1389,1.7419337034225464,ANOMALY
1390,1.74932062625885,ANOMALY
1391,1.7553112506866455,ANOMALY
1392,1.7581208944320679,ANOMALY
1393,1.7603466510772705,ANOMALY
1394,1.7585160732269287,ANOMALY
1395,1.7569369077682495,ANOMALY
1396,1.7551782131195068,ANOMALY
1397,1.7566404342651367,ANOMALY
1398,1.7572987079620361,ANOMALY
1399,1.7541475296020508,ANOMALY
1400,1.7515003681182861,ANOMALY
1401,1.748518943786621,ANOMALY
1402,1.742874264717102,ANOMALY
1403,1.7373852729797363,ANOMALY
1404,1.7320556640625,ANOMALY
1405,1.7268882989883423,ANOMALY
1406,1.7219152450561523,ANOMALY
1407,1.717168927192688,ANOMALY
1408,1.7126270532608032,ANOMALY
1409,1.708235740661621,ANOMALY
1410,1.7039507627487183,ANOMALY
1411,1.6997478008270264,ANOMALY
1412,1.6956160068511963,ANOMALY
1413,1.6915472745895386,ANOMALY
1414,1.687538504600525,ANOMALY
1415,1.6802440881729126,ANOMALY
1416,1.6738746166229248,ANOMALY
1417,1.6712194681167603,ANOMALY
1418,1.6648991107940674,ANOMALY
1419,1.6595165729522705,ANOMALY
1420,1.6546789407730103,ANOMALY
1421,1.650356650352478,ANOMALY
1422,1.646557331085205,ANOMALY
1423,1.643399953842163,ANOMALY
1424,1.6412471532821655,ANOMALY
1425,1.6422876119613647,ANOMALY
1426,1.6436760425567627,ANOMALY
1427,1.645389437675476,ANOMALY
1428,1.6473852396011353,ANOMALY
1429,1.649611234664917,ANOMALY
1430,1.652026653289795,ANOMALY
1431,1.6546053886413574,ANOMALY
1432,1.6573292016983032,ANOMALY
1433,1.6601823568344116,ANOMALY
1434,1.6631524562835693,ANOMALY
1435,1.666230320930481,ANOMALY
1436,1.6694138050079346,ANOMALY
1437,1.6727215051651,ANOMALY
1438,1.6762521266937256,ANOMALY
1439,1.6836596727371216,ANOMALY
1440,1.693051815032959,ANOMALY
1441,1.7021452188491821,ANOMALY
1442,1.7107558250427246,ANOMALY
1443,1.7183758020401,ANOMALY
1444,1.722794771194458,ANOMALY
1445,1.726709246635437,ANOMALY
1446,1.730496883392334,ANOMALY
1447,1.736235499382019,ANOMALY
1448,1.7409967184066772,ANOMALY
1449,1.7427743673324585,ANOMALY
1450,1.7443045377731323,ANOMALY
1451,1.7456344366073608,ANOMALY
1452,1.7467914819717407,ANOMALY
1453,1.7477946281433105,ANOMALY
1454,1.7486587762832642,ANOMALY
1455,1.7462650537490845,ANOMALY
1456,1.7445166110992432,ANOMALY
1457,1.746107816696167,ANOMALY
1458,1.7472895383834839,ANOMALY
1459,1.7453351020812988,ANOMALY
1460,1.7474355697631836,ANOMALY
1461,1.7459546327590942,ANOMALY
1462,1.7451624870300293,ANOMALY
1463,1.7445178031921387,ANOMALY
1464,1.7436381578445435,ANOMALY
1465,1.7403472661972046,ANOMALY
1466,1.737740159034729,ANOMALY
1467,1.7377568483352661,ANOMALY
1468,1.735397458076477,ANOMALY
1469,1.7334100008010864,ANOMALY
1470,1.7317510843276978,ANOMALY
1471,1.730360507965088,ANOMALY
1472,1.7291762828826904,ANOMALY
1473,1.728155493736267,ANOMALY
1474,1.724110722541809,ANOMALY
1475,1.7208375930786133,ANOMALY
1476,1.7178606986999512,ANOMALY
1477,1.7151784896850586,ANOMALY
1478,1.7128747701644897,ANOMALY
1479,1.7110706567764282,ANOMALY
1480,1.7098755836486816,ANOMALY
1481,1.709340214729309,ANOMALY
1482,1.7094485759735107,ANOMALY
1483,1.710141897201538,ANOMALY
1484,1.7113322019577026,ANOMALY
1485,1.712923288345337,ANOMALY
1486,1.714872121810913,ANOMALY
1487,1.7172492742538452,ANOMALY
1488,1.720402717590332,ANOMALY
1489,1.7264807224273682,ANOMALY
1490,1.732731580734253,ANOMALY
1491,1.739133358001709,ANOMALY
1492,1.745664358139038,ANOMALY
1493,1.7523056268692017,ANOMALY
1494,1.7590413093566895,ANOMALY
1495,1.7658566236495972,ANOMALY
1496,1.7727378606796265,ANOMALY
1497,1.7796754837036133,ANOMALY
1498,1.7866578102111816,ANOMALY
1499,1.793675184249878,ANOMALY
1500,1.8007164001464844,ANOMALY
1501,1.807765007019043,ANOMALY
1502,1.8147833347320557,ANOMALY
1503,1.8216601610183716,ANOMALY
1504,1.828048825263977,ANOMALY
1505,1.8355841636657715,ANOMALY
1506,1.8429994583129883,ANOMALY
1507,1.8528192043304443,ANOMALY
1508,1.861990213394165,ANOMALY
1509,1.8684637546539307,ANOMALY
1510,1.8765760660171509,ANOMALY
1511,1.8812739849090576,ANOMALY
1512,1.885216474533081,ANOMALY
1513,1.8917080163955688,ANOMALY
1514,1.8969430923461914,ANOMALY
1515,1.9014700651168823,ANOMALY
1516,1.9053517580032349,ANOMALY
1517,1.9085131883621216,ANOMALY
1518,1.9108341932296753,ANOMALY
1519,1.9122601747512817,ANOMALY
1520,1.9128342866897583,ANOMALY
1521,1.9126272201538086,ANOMALY
1522,1.911655068397522,ANOMALY
1523,1.9096875190734863,ANOMALY
1524,1.9076025485992432,ANOMALY
1525,1.9045978784561157,ANOMALY
1526,1.901004433631897,ANOMALY
1527,1.8935083150863647,ANOMALY
1528,1.8892920017242432,ANOMALY
1529,1.880698561668396,ANOMALY
1530,1.8722048997879028,ANOMALY
1531,1.8635265827178955,ANOMALY
1532,1.8547457456588745,ANOMALY
1533,1.8459844589233398,ANOMALY
1534,1.8373733758926392,ANOMALY
1535,1.8289729356765747,ANOMALY
1536,1.820768117904663,ANOMALY
1537,1.8127267360687256,ANOMALY
1538,1.8048175573349,ANOMALY
1539,1.796995997428894,ANOMALY
1540,1.789231538772583,ANOMALY
1541,1.7782292366027832,ANOMALY
1542,1.7680981159210205,ANOMALY
1543,1.7583651542663574,ANOMALY
1544,1.749025821685791,ANOMALY
1545,1.7401520013809204,ANOMALY
1546,1.7318271398544312,ANOMALY
1547,1.724089503288269,ANOMALY
1548,1.7169313430786133,ANOMALY
1549,1.710312843322754,ANOMALY
1550,1.7041714191436768,ANOMALY
1551,1.698422908782959,ANOMALY
1552,1.6897978782653809,ANOMALY
1553,1.6822712421417236,ANOMALY
1554,1.6757142543792725,ANOMALY
1555,1.6724772453308105,ANOMALY
1556,1.6697136163711548,ANOMALY
1557,1.6675338745117188,ANOMALY
1558,1.6660369634628296,ANOMALY
1559,1.6652696132659912,ANOMALY
1560,1.6652395725250244,ANOMALY
1561,1.6659965515136719,ANOMALY
1562,1.667818307876587,ANOMALY
1563,1.6727828979492188,ANOMALY
1564,1.6780645847320557,ANOMALY
1565,1.6836165189743042,ANOMALY
1566,1.689406394958496,ANOMALY
1567,1.6954102516174316,ANOMALY
1568,1.701606035232544,ANOMALY
1569,1.7079739570617676,ANOMALY
1570,1.7145028114318848,ANOMALY
1571,1.7212070226669312,ANOMALY
1572,1.7318187952041626,ANOMALY
1573,1.7424044609069824,ANOMALY
1574,1.7554185390472412,ANOMALY
1575,1.7681208848953247,ANOMALY
1576,1.7800726890563965,ANOMALY
1577,1.79276442527771,ANOMALY
1578,1.8060859441757202,ANOMALY
1579,1.815785527229309,ANOMALY
1580,1.824474811553955,ANOMALY
1581,1.8321195840835571,ANOMALY
1582,1.838700294494629,ANOMALY
1583,1.8442625999450684,ANOMALY
1584,1.8489108085632324,ANOMALY
1585,1.852766513824463,ANOMALY
1586,1.8559563159942627,ANOMALY
1587,1.8586140871047974,ANOMALY
1588,1.8608274459838867,ANOMALY
1589,1.8625614643096924,ANOMALY
1590,1.8634886741638184,ANOMALY
1591,1.8613907098770142,ANOMALY
1592,1.8590816259384155,ANOMALY
1593,1.8565865755081177,ANOMALY
1594,1.8539291620254517,ANOMALY
1595,1.8511300086975098,ANOMALY
1596,1.8482067584991455,ANOMALY
1597,1.845170497894287,ANOMALY
1598,1.8420268297195435,ANOMALY
1599,1.8387583494186401,ANOMALY
1600,1.835270643234253,ANOMALY
1601,1.8312022686004639,ANOMALY
1602,1.8241524696350098,ANOMALY
1603,1.8170676231384277,ANOMALY
1604,1.8099539279937744,ANOMALY
1605,1.8028156757354736,ANOMALY
1606,1.7956565618515015,ANOMALY
1607,1.7852479219436646,ANOMALY
1608,1.7756218910217285,ANOMALY
1609,1.7663216590881348,ANOMALY
1610,1.7573491334915161,ANOMALY
1611,1.748782992362976,ANOMALY
1612,1.7407172918319702,ANOMALY
1613,1.7331984043121338,ANOMALY
1614,1.7262226343154907,ANOMALY
1615,1.7197555303573608,ANOMALY
1616,1.7137351036071777,ANOMALY
1617,1.7080740928649902,ANOMALY
1618,1.702704668045044,ANOMALY
1619,1.6976110935211182,ANOMALY
1620,1.692878246307373,ANOMALY
1621,1.6888655424118042,ANOMALY
1622,1.6879456043243408,ANOMALY
1623,1.687187671661377,ANOMALY
1624,1.686607003211975,ANOMALY
1625,1.6831388473510742,ANOMALY
1626,1.680964708328247,ANOMALY
1627,1.6849900484085083,ANOMALY
1628,1.6887136697769165,ANOMALY
1629,1.6926616430282593,ANOMALY
1630,1.6969243288040161,ANOMALY
1631,1.7014706134796143,ANOMALY
1632,1.7061619758605957,ANOMALY
1633,1.710843563079834,ANOMALY
1634,1.7154169082641602,ANOMALY
1635,1.7198171615600586,ANOMALY
1636,1.7240182161331177,ANOMALY
1637,1.7280627489089966,ANOMALY
1638,1.73201584815979,ANOMALY
1639,1.7359192371368408,ANOMALY
1640,1.7397876977920532,ANOMALY
1641,1.7436261177062988,ANOMALY
1642,1.7506827116012573,ANOMALY
1643,1.7570730447769165,ANOMALY
1644,1.7631741762161255,ANOMALY
1645,1.7657016515731812,ANOMALY
1646,1.7684696912765503,ANOMALY
1647,1.770931363105774,ANOMALY
1648,1.7730501890182495,ANOMALY
1649,1.7749398946762085,ANOMALY
1650,1.776780605316162,ANOMALY
1651,1.7787258625030518,ANOMALY
1652,1.7808789014816284,ANOMALY
1653,1.7832765579223633,ANOMALY
1654,1.7858712673187256,ANOMALY
1655,1.7884809970855713,ANOMALY
1656,1.7906574010849,ANOMALY
1657,1.7901391983032227,ANOMALY
1658,1.7896777391433716,ANOMALY
1659,1.7892705202102661,ANOMALY
1660,1.7889151573181152,ANOMALY
1661,1.788609504699707,ANOMALY
1662,1.7883491516113281,ANOMALY
1663,1.7881293296813965,ANOMALY
1664,1.7879427671432495,ANOMALY
1665,1.7877856492996216,ANOMALY
1666,1.7876530885696411,ANOMALY
1667,1.7875399589538574,ANOMALY
1668,1.7843403816223145,ANOMALY
1669,1.781753420829773,ANOMALY
1670,1.7793333530426025,ANOMALY
1671,1.7770872116088867,ANOMALY
1672,1.7750853300094604,ANOMALY
1673,1.773360252380371,ANOMALY
1674,1.7716948986053467,ANOMALY
1675,1.7679431438446045,ANOMALY
1676,1.7653579711914062,ANOMALY
1677,1.7662068605422974,ANOMALY
1678,1.7675182819366455,ANOMALY
1679,1.7691859006881714,ANOMALY
1680,1.7711317539215088,ANOMALY
1681,1.7733105421066284,ANOMALY
1682,1.775696873664856,ANOMALY
1683,1.7782692909240723,ANOMALY
1684,1.7810086011886597,ANOMALY
1685,1.7838951349258423,ANOMALY
1686,1.7869110107421875,ANOMALY
1687,1.790043830871582,ANOMALY
1688,1.793287992477417,ANOMALY
1689,1.7966629266738892,ANOMALY
1690,1.800269603729248,ANOMALY
1691,1.8044606447219849,ANOMALY
1692,1.8113415241241455,ANOMALY
1693,1.8180770874023438,ANOMALY
1694,1.824285626411438,ANOMALY
1695,1.827816367149353,ANOMALY
1696,1.8313692808151245,ANOMALY
1697,1.8349417448043823,ANOMALY
1698,1.8385299444198608,ANOMALY
1699,1.8421329259872437,ANOMALY
1700,1.845749020576477,ANOMALY
1701,1.853060007095337,ANOMALY
1702,1.8597464561462402,ANOMALY
1703,1.8662678003311157,ANOMALY
1704,1.8725706338882446,ANOMALY
1705,1.878516674041748,ANOMALY
1706,1.883927345275879,ANOMALY
1707,1.8886429071426392,ANOMALY
1708,1.8925987482070923,ANOMALY
1709,1.8958450555801392,ANOMALY
1710,1.8984816074371338,ANOMALY
1711,1.9006376266479492,ANOMALY
1712,1.9056191444396973,ANOMALY
1713,1.9097388982772827,ANOMALY
1714,1.9133975505828857,ANOMALY
1715,1.9165095090866089,ANOMALY
1716,1.918830394744873,ANOMALY
1717,1.919851541519165,ANOMALY
1718,1.9171497821807861,ANOMALY
1719,1.913682460784912,ANOMALY
1720,1.9065861701965332,ANOMALY
1721,1.9025206565856934,ANOMALY
1722,1.8947196006774902,ANOMALY
1723,1.8872562646865845,ANOMALY
1724,1.8798893690109253,ANOMALY
1725,1.8726986646652222,ANOMALY
1726,1.8657666444778442,ANOMALY
1727,1.8591678142547607,ANOMALY
1728,1.8499411344528198,ANOMALY
1729,1.8416446447372437,ANOMALY
1730,1.8338264226913452,ANOMALY
1731,1.8264676332473755,ANOMALY
1732,1.8196301460266113,ANOMALY
1733,1.8133981227874756,ANOMALY
1734,1.8078542947769165,ANOMALY
1735,1.8030383586883545,ANOMALY
1736,1.7989263534545898,ANOMALY
1737,1.7954562902450562,ANOMALY
1738,1.7925280332565308,ANOMALY
1739,1.7900290489196777,ANOMALY
1740,1.7878738641738892,ANOMALY
1741,1.782499074935913,ANOMALY
1742,1.7778995037078857,ANOMALY
1743,1.7735668420791626,ANOMALY
1744,1.7694991827011108,ANOMALY
1745,1.7696141004562378,ANOMALY
1746,1.7658292055130005,ANOMALY
1747,1.7631301879882812,ANOMALY
1748,1.7652755975723267,ANOMALY
1749,1.7677505016326904,ANOMALY
1750,1.767184853553772,ANOMALY
1751,1.7746059894561768,ANOMALY
1752,1.7816277742385864,ANOMALY
1753,1.7886199951171875,ANOMALY
1754,1.7955176830291748,ANOMALY
1755,1.8022230863571167,ANOMALY
1756,1.8087009191513062,ANOMALY
1757,1.8149429559707642,ANOMALY
1758,1.8208996057510376,ANOMALY
1759,1.8304446935653687,ANOMALY
1760,1.8391413688659668,ANOMALY
1761,1.8478970527648926,ANOMALY
1762,1.858888864517212,ANOMALY
1763,1.869347095489502,ANOMALY
1764,1.8791333436965942,ANOMALY
1765,1.8880976438522339,ANOMALY
1766,1.8961710929870605,ANOMALY
1767,1.9033846855163574,ANOMALY
1768,1.9097634553909302,ANOMALY
1769,1.9183354377746582,ANOMALY
1770,1.9235467910766602,ANOMALY
1771,1.9304307699203491,ANOMALY
1772,1.9340187311172485,ANOMALY
1773,1.9369213581085205,ANOMALY
1774,1.938991665840149,ANOMALY
1775,1.940147042274475,ANOMALY
1776,1.9403338432312012,ANOMALY
1777,1.9392831325531006,ANOMALY
1778,1.9347392320632935,ANOMALY
1779,1.9297529458999634,ANOMALY
1780,1.9214831590652466,ANOMALY
1781,1.9135756492614746,ANOMALY
1782,1.9056880474090576,ANOMALY
1783,1.8978753089904785,ANOMALY
1784,1.8902652263641357,ANOMALY
1785,1.882994532585144,ANOMALY
1786,1.8761476278305054,ANOMALY
1787,1.8697335720062256,ANOMALY
1788,1.8636969327926636,ANOMALY
1789,1.8578752279281616,ANOMALY
1790,1.8518105745315552,ANOMALY
1791,1.8429248332977295,ANOMALY
1792,1.8342443704605103,ANOMALY
1793,1.825831413269043,ANOMALY
1794,1.817945122718811,ANOMALY
1795,1.8127424716949463,ANOMALY
1796,1.8016057014465332,ANOMALY
1797,1.7917077541351318,ANOMALY
1798,1.7850085496902466,ANOMALY
1799,1.7781982421875,ANOMALY
1800,1.7692515850067139,ANOMALY
1801,1.763825535774231,ANOMALY
1802,1.7589956521987915,ANOMALY
1803,1.7548208236694336,ANOMALY
1804,1.7512898445129395,ANOMALY
1805,1.748355746269226,ANOMALY
1806,1.7459582090377808,ANOMALY
1807,1.744106411933899,ANOMALY
1808,1.7430976629257202,ANOMALY
1809,1.7452043294906616,ANOMALY
1810,1.747525691986084,ANOMALY
1811,1.7500399351119995,ANOMALY
1812,1.7527289390563965,ANOMALY
1813,1.7555749416351318,ANOMALY
1814,1.7585636377334595,ANOMALY
1815,1.7616914510726929,ANOMALY
1816,1.7649770975112915,ANOMALY
1817,1.7685256004333496,ANOMALY
1818,1.7726997137069702,ANOMALY
1819,1.7796478271484375,ANOMALY
1820,1.7866429090499878,ANOMALY
1821,1.793676495552063,ANOMALY
1822,1.8007410764694214,ANOMALY
1823,1.8078279495239258,ANOMALY
1824,1.8149298429489136,ANOMALY
1825,1.8220362663269043,ANOMALY
1826,1.8291317224502563,ANOMALY
1827,1.8361763954162598,ANOMALY
1828,1.8430498838424683,ANOMALY
1829,1.8493767976760864,ANOMALY
1830,1.8530151844024658,ANOMALY
1831,1.8566632270812988,ANOMALY
1832,1.8603200912475586,ANOMALY
1833,1.8639849424362183,ANOMALY
1834,1.8676563501358032,ANOMALY
1835,1.8713335990905762,ANOMALY
1836,1.875014305114746,ANOMALY
1837,1.8786978721618652,ANOMALY
1838,1.882380723953247,ANOMALY
1839,1.886061191558838,ANOMALY
1840,1.8897351026535034,ANOMALY
1841,1.8933950662612915,ANOMALY
1842,1.8970282077789307,ANOMALY
1843,1.9005980491638184,ANOMALY
1844,1.9039841890335083,ANOMALY
1845,1.906813144683838,ANOMALY
1846,1.906813144683838,ANOMALY
1847,1.906813144683838,ANOMALY
1848,1.906813144683838,ANOMALY
1849,1.906813144683838,ANOMALY
1850,1.906813144683838,ANOMALY
1851,1.906813144683838,ANOMALY
1852,1.9031822681427002,ANOMALY
1853,1.9000463485717773,ANOMALY
1854,1.8969398736953735,ANOMALY
1855,1.8938913345336914,ANOMALY
1856,1.8909978866577148,ANOMALY
1857,1.8883883953094482,ANOMALY
1858,1.886212944984436,ANOMALY
1859,1.8846250772476196,ANOMALY
1860,1.8837329149246216,ANOMALY
1861,1.8835455179214478,ANOMALY
1862,1.8839926719665527,ANOMALY
1863,1.8849616050720215,ANOMALY
1864,1.8863301277160645,ANOMALY
1865,1.888014316558838,ANOMALY
1866,1.8899662494659424,ANOMALY
1867,1.8921540975570679,ANOMALY
1868,1.8945510387420654,ANOMALY
1869,1.897131085395813,ANOMALY
1870,1.899869441986084,ANOMALY
1871,1.9027444124221802,ANOMALY
1872,1.9057360887527466,ANOMALY
1873,1.908827781677246,ANOMALY
1874,1.9120054244995117,ANOMALY
1875,1.9152581691741943,ANOMALY
1876,1.9185748100280762,ANOMALY
1877,1.9219471216201782,ANOMALY
1878,1.925368309020996,ANOMALY
1879,1.9288314580917358,ANOMALY
1880,1.9323315620422363,ANOMALY
1881,1.9358640909194946,ANOMALY
1882,1.9394259452819824,ANOMALY
1883,1.9430131912231445,ANOMALY
1884,1.9518488645553589,ANOMALY
1885,1.959879755973816,ANOMALY
1886,1.9677073955535889,ANOMALY
1887,1.9753249883651733,ANOMALY
1888,1.9826438426971436,ANOMALY
1889,1.9895271062850952,ANOMALY
1890,1.9958022832870483,ANOMALY
1891,2.0056118965148926,ANOMALY
1892,2.0135834217071533,ANOMALY
1893,2.0203850269317627,ANOMALY
1894,2.0261876583099365,ANOMALY
1895,2.0310776233673096,ANOMALY
1896,2.0350377559661865,ANOMALY
1897,2.0379674434661865,ANOMALY
1898,2.0397958755493164,ANOMALY
1899,2.0405571460723877,ANOMALY
1900,2.040285587310791,ANOMALY
1901,2.038783073425293,ANOMALY
1902,2.0337836742401123,ANOMALY
1903,2.028395175933838,ANOMALY
1904,2.019667863845825,ANOMALY
1905,2.011162757873535,ANOMALY
1906,2.0025265216827393,ANOMALY
1907,1.9938260316848755,ANOMALY
1908,1.9852039813995361,ANOMALY
1909,1.9768383502960205,ANOMALY
1910,1.9689022302627563,ANOMALY
1911,1.9615108966827393,ANOMALY
1912,1.9546852111816406,ANOMALY
1913,1.948378086090088,ANOMALY
1914,1.9425042867660522,ANOMALY
1915,1.9369546175003052,ANOMALY
1916,1.9316476583480835,ANOMALY
1917,1.926538109779358,ANOMALY
1918,1.9216018915176392,ANOMALY
1919,1.913244605064392,ANOMALY
1920,1.9055172204971313,ANOMALY
1921,1.8979374170303345,ANOMALY
1922,1.8905160427093506,ANOMALY
1923,1.8833355903625488,ANOMALY
1924,1.8765143156051636,ANOMALY
1925,1.8701930046081543,ANOMALY
1926,1.864513874053955,ANOMALY
1927,1.8595705032348633,ANOMALY
1928,1.8553626537322998,ANOMALY
1929,1.851822018623352,ANOMALY
1930,1.8488478660583496,ANOMALY
1931,1.8416153192520142,ANOMALY
1932,1.835373044013977,ANOMALY
1933,1.8299281597137451,ANOMALY
1934,1.827608585357666,ANOMALY
1935,1.8255796432495117,ANOMALY
1936,1.823931097984314,ANOMALY
1937,1.8227707147598267,ANOMALY
1938,1.8222520351409912,ANOMALY
1939,1.8226414918899536,ANOMALY
1940,1.8244317770004272,ANOMALY
1941,1.8364394903182983,ANOMALY
1942,1.841875433921814,ANOMALY
1943,1.8485901355743408,ANOMALY
1944,1.8627835512161255,ANOMALY
1945,1.8764770030975342,ANOMALY
1946,1.8902446031570435,ANOMALY
1947,1.904018521308899,ANOMALY
1948,1.917651653289795,ANOMALY
1949,1.9309650659561157,ANOMALY
1950,1.9438199996948242,ANOMALY
1951,1.9561375379562378,ANOMALY
1952,1.967719554901123,ANOMALY
1953,1.9780845642089844,ANOMALY
1954,1.9909753799438477,ANOMALY
1955,2.002169609069824,ANOMALY
1956,2.0125370025634766,ANOMALY
1957,2.022263765335083,ANOMALY
1958,2.031372308731079,ANOMALY
1959,2.039794921875,ANOMALY
1960,2.047403335571289,ANOMALY
1961,2.054037094116211,ANOMALY
1962,2.0595858097076416,ANOMALY
1963,2.0640921592712402,ANOMALY
1964,2.067714214324951,ANOMALY
1965,2.07468843460083,ANOMALY
1966,2.08035945892334,ANOMALY
1967,2.085254669189453,ANOMALY
1968,2.089052677154541,ANOMALY
1969,2.089303493499756,ANOMALY
1970,2.0887889862060547,ANOMALY
1971,2.084019660949707,ANOMALY
1972,2.0789072513580322,ANOMALY
1973,2.0730347633361816,ANOMALY
1974,2.0665314197540283,ANOMALY
1975,2.059638023376465,ANOMALY
1976,2.0526485443115234,ANOMALY
1977,2.0458269119262695,ANOMALY
1978,2.0393285751342773,ANOMALY
1979,2.0330982208251953,ANOMALY
1980,2.0267317295074463,ANOMALY
1981,2.0176215171813965,ANOMALY
1982,2.0087480545043945,ANOMALY
1983,2.000033140182495,ANOMALY
1984,1.9914402961730957,ANOMALY
1985,1.9793429374694824,ANOMALY
1986,1.9678318500518799,ANOMALY
1987,1.9602296352386475,ANOMALY
1988,1.9485398530960083,ANOMALY
1989,1.9376786947250366,ANOMALY
1990,1.9275381565093994,ANOMALY
1991,1.9203741550445557,ANOMALY
1992,1.9108253717422485,ANOMALY
1993,1.90241277217865,ANOMALY
1994,1.8976298570632935,ANOMALY
1995,1.8933799266815186,ANOMALY
1996,1.8896554708480835,ANOMALY
1997,1.8864248991012573,ANOMALY
1998,1.883651852607727,ANOMALY
1999,1.8813050985336304,ANOMALY
2000,1.8793262243270874,ANOMALY
2001,1.877687931060791,ANOMALY
2002,1.8764724731445312,ANOMALY
2003,1.876021385192871,ANOMALY
2004,1.878644585609436,ANOMALY
2005,1.8814194202423096,ANOMALY
2006,1.8843270540237427,ANOMALY
2007,1.8873529434204102,ANOMALY
2008,1.890482783317566,ANOMALY
2009,1.8937084674835205,ANOMALY
2010,1.8970236778259277,ANOMALY
2011,1.9004340171813965,ANOMALY
2012,1.903969168663025,ANOMALY
2013,1.9077481031417847,ANOMALY
2014,1.9121321439743042,ANOMALY
2015,1.924443244934082,ANOMALY
2016,1.9309228658676147,ANOMALY
2017,1.9379633665084839,ANOMALY
2018,1.944935917854309,ANOMALY
2019,1.9516441822052002,ANOMALY
2020,1.9576858282089233,ANOMALY
2021,1.9659805297851562,ANOMALY
2022,1.9683490991592407,ANOMALY
2023,1.9711346626281738,ANOMALY
2024,1.973853349685669,ANOMALY
2025,1.9765653610229492,ANOMALY
2026,1.979304313659668,ANOMALY
2027,1.9820626974105835,ANOMALY
2028,1.9847729206085205,ANOMALY
2029,1.9873842000961304,ANOMALY
2030,1.9899522066116333,ANOMALY
2031,1.9925873279571533,ANOMALY
2032,1.9953219890594482,ANOMALY
2033,1.9980586767196655,ANOMALY
2034,2.0004162788391113,ANOMALY
2035,2.0001633167266846,ANOMALY
2036,2.0003421306610107,ANOMALY
2037,2.002831220626831,ANOMALY
2038,2.0025391578674316,ANOMALY
2039,2.0022876262664795,ANOMALY
2040,2.0020713806152344,ANOMALY
2041,2.001885414123535,ANOMALY
2042,2.001725435256958,ANOMALY
2043,2.001586675643921,ANOMALY
2044,2.0014660358428955,ANOMALY
2045,2.0013608932495117,ANOMALY
2046,1.9959379434585571,ANOMALY
2047,1.9910764694213867,ANOMALY
2048,1.9862254858016968,ANOMALY
2049,1.981410026550293,ANOMALY
2050,1.976707935333252,ANOMALY
2051,1.97221040725708,ANOMALY
2052,1.968015193939209,ANOMALY
2053,1.964239478111267,ANOMALY
2054,1.961027979850769,ANOMALY
2055,1.9585381746292114,ANOMALY
2056,1.956870675086975,ANOMALY
2057,1.955999732017517,ANOMALY
2058,1.9558117389678955,ANOMALY
2059,1.956164836883545,ANOMALY
2060,1.9569462537765503,ANOMALY
2061,1.958095669746399,ANOMALY
2062,1.959596872329712,ANOMALY
2063,1.9615026712417603,ANOMALY
2064,1.964006781578064,ANOMALY
2065,1.9688000679016113,ANOMALY
2066,1.9711233377456665,ANOMALY
2067,1.973618984222412,ANOMALY
2068,1.9762964248657227,ANOMALY
2069,1.9792265892028809,ANOMALY
2070,1.9826184511184692,ANOMALY
2071,1.988144874572754,ANOMALY
2072,1.991135835647583,ANOMALY
2073,1.9942007064819336,ANOMALY
2074,1.9973320960998535,ANOMALY
2075,2.0005228519439697,ANOMALY
2076,2.003767490386963,ANOMALY
2077,2.0070605278015137,ANOMALY
2078,2.0103964805603027,ANOMALY
2079,2.0137717723846436,ANOMALY
2080,2.0171821117401123,ANOMALY
2081,2.0290398597717285,ANOMALY
2082,2.0397675037384033,ANOMALY
2083,2.0500974655151367,ANOMALY
2084,2.0600836277008057,ANOMALY
2085,2.0696985721588135,ANOMALY
2086,2.0788800716400146,ANOMALY
2087,2.0875439643859863,ANOMALY
2088,2.095564365386963,ANOMALY
2089,2.109574794769287,ANOMALY
2090,2.121142625808716,ANOMALY
2091,2.131000280380249,ANOMALY
2092,2.1394264698028564,ANOMALY
2093,2.14663028717041,ANOMALY
2094,2.152623176574707,ANOMALY
2095,2.157029151916504,ANOMALY
2096,2.157383441925049,ANOMALY
2097,2.1564459800720215,ANOMALY
2098,2.1542513370513916,ANOMALY
2099,2.1509900093078613,ANOMALY
2100,2.146898031234741,ANOMALY
2101,2.142195701599121,ANOMALY
2102,2.137026786804199,ANOMALY
2103,2.1274960041046143,ANOMALY
2104,2.118175745010376,ANOMALY
2105,2.108639717102051,ANOMALY
2106,2.098952054977417,ANOMALY
2107,2.0892367362976074,ANOMALY
2108,2.0796430110931396,ANOMALY
2109,2.070338249206543,ANOMALY
2110,2.061507225036621,ANOMALY
2111,2.0533063411712646,ANOMALY
2112,2.0410244464874268,ANOMALY
2113,2.029719352722168,ANOMALY
2114,2.018826961517334,ANOMALY
2115,2.008286237716675,ANOMALY
2116,1.9981006383895874,ANOMALY
2117,1.9883216619491577,ANOMALY
2118,1.979030966758728,ANOMALY
2119,1.970332384109497,ANOMALY
2120,1.9623585939407349,ANOMALY
2121,1.9552395343780518,ANOMALY
2122,1.9490330219268799,ANOMALY
2123,1.9436819553375244,ANOMALY
2124,1.9390614032745361,ANOMALY
2125,1.9350298643112183,ANOMALY
2126,1.931483268737793,ANOMALY
2127,1.9207961559295654,ANOMALY
2128,1.9189854860305786,ANOMALY
2129,1.9090909957885742,ANOMALY
2130,1.900688648223877,ANOMALY
2131,1.8954081535339355,ANOMALY
2132,1.8904303312301636,ANOMALY
2133,1.8858035802841187,ANOMALY
2134,1.8815908432006836,ANOMALY
2135,1.8873530626296997,ANOMALY
2136,1.8834228515625,ANOMALY
2137,1.890762448310852,ANOMALY
2138,1.8986538648605347,ANOMALY
2139,1.909757375717163,ANOMALY
2140,1.9215008020401,ANOMALY
2141,1.9338189363479614,ANOMALY
2142,1.9465283155441284,ANOMALY
2143,1.9593946933746338,ANOMALY
2144,1.9721636772155762,ANOMALY
2145,1.984594702720642,ANOMALY
2146,1.9964985847473145,ANOMALY
2147,2.0171806812286377,ANOMALY
2148,2.035684585571289,ANOMALY
2149,2.0528769493103027,ANOMALY
2150,2.0689690113067627,ANOMALY
2151,2.083998441696167,ANOMALY
2152,2.0976850986480713,ANOMALY
2153,2.1156458854675293,ANOMALY
2154,2.1312334537506104,ANOMALY
2155,2.1450490951538086,ANOMALY
2156,2.156980037689209,ANOMALY
2157,2.167029619216919,ANOMALY
2158,2.175377130508423,ANOMALY
2159,2.1821701526641846,ANOMALY
2160,2.187349319458008,ANOMALY
2161,2.190504789352417,ANOMALY
2162,2.1893362998962402,ANOMALY
2163,2.1869096755981445,ANOMALY
2164,2.1834940910339355,ANOMALY
2165,2.1793460845947266,ANOMALY
2166,2.1746420860290527,ANOMALY
2167,2.169485330581665,ANOMALY
2168,2.1639468669891357,ANOMALY
2169,2.1580817699432373,ANOMALY
2170,2.151937246322632,ANOMALY
2171,2.145552396774292,ANOMALY
2172,2.1350951194763184,ANOMALY
2173,2.1249430179595947,ANOMALY
2174,2.1146340370178223,ANOMALY
2175,2.1041204929351807,ANOMALY
2176,2.0932276248931885,ANOMALY
2177,2.0797841548919678,ANOMALY
2178,2.0692532062530518,ANOMALY
2179,2.0561399459838867,ANOMALY
2180,2.0437064170837402,ANOMALY
2181,2.03200364112854,ANOMALY
2182,2.0209972858428955,ANOMALY
2183,2.010669708251953,ANOMALY
2184,1.9962382316589355,ANOMALY
2185,1.9853198528289795,ANOMALY
2186,1.9720572233200073,ANOMALY
2187,1.9675910472869873,ANOMALY
2188,1.957342267036438,ANOMALY
2189,1.9480074644088745,ANOMALY
2190,1.9390997886657715,ANOMALY
2191,1.9306808710098267,ANOMALY
2192,1.9228779077529907,ANOMALY
2193,1.915826678276062,ANOMALY
2194,1.9095993041992188,ANOMALY
2195,1.904238224029541,ANOMALY
2196,1.8999810218811035,ANOMALY
2197,1.8990978002548218,ANOMALY
2198,1.8987144231796265,ANOMALY
2199,1.8988754749298096,ANOMALY
2200,1.899610161781311,ANOMALY
2201,1.9009828567504883,ANOMALY
2202,1.910863995552063,ANOMALY
2203,1.9227677583694458,ANOMALY
2204,1.934620976448059,ANOMALY
2205,1.9464186429977417,ANOMALY
2206,1.9580856561660767,ANOMALY
2207,1.9695173501968384,ANOMALY
2208,1.9805892705917358,ANOMALY
2209,1.9911401271820068,ANOMALY
2210,2.000967025756836,ANOMALY
2211,2.009885787963867,ANOMALY
2212,2.0178630352020264,ANOMALY
2213,2.0250277519226074,ANOMALY
2214,2.0256338119506836,ANOMALY
2215,2.032541275024414,ANOMALY
2216,2.0384671688079834,ANOMALY
2217,2.0381627082824707,ANOMALY
2218,2.0382912158966064,ANOMALY
2219,2.0382769107818604,ANOMALY
2220,2.0443689823150635,ANOMALY
2221,2.0430028438568115,ANOMALY
2222,2.0397489070892334,ANOMALY
2223,2.0368528366088867,ANOMALY
2224,2.034315824508667,ANOMALY
2225,2.0321340560913086,ANOMALY
2226,2.037431240081787,ANOMALY
2227,2.042473077774048,ANOMALY
2228,2.0478415489196777,ANOMALY
2229,2.053403377532959,ANOMALY
2230,2.0590317249298096,ANOMALY
2231,2.0646607875823975,ANOMALY
2232,2.070077896118164,ANOMALY
2233,2.068171739578247,ANOMALY
2234,2.0638914108276367,ANOMALY
2235,2.0659544467926025,ANOMALY
2236,2.060370683670044,ANOMALY
2237,2.063725709915161,ANOMALY
2238,2.0631439685821533,ANOMALY
2239,2.062302350997925,ANOMALY
2240,2.0551764965057373,ANOMALY
2241,2.0488507747650146,ANOMALY
2242,2.0428168773651123,ANOMALY
2243,2.037074327468872,ANOMALY
2244,2.0315444469451904,ANOMALY
2245,2.0261270999908447,ANOMALY
2246,2.0207605361938477,ANOMALY
2247,2.0154387950897217,ANOMALY
2248,2.0102994441986084,ANOMALY
2249,2.0056099891662598,ANOMALY
2250,2.001720666885376,ANOMALY
2251,1.9990785121917725,ANOMALY
2252,1.99982488155365,ANOMALY
2253,2.0010294914245605,ANOMALY
2254,2.002568483352661,ANOMALY
2255,2.0043692588806152,ANOMALY
2256,1.998287558555603,ANOMALY
2257,2.0014126300811768,ANOMALY
2258,1.995599389076233,ANOMALY
2259,1.990583062171936,ANOMALY
2260,1.9857629537582397,ANOMALY
2261,1.9811068773269653,ANOMALY
2262,1.9765570163726807,ANOMALY
2263,1.9719338417053223,ANOMALY
2264,1.9655967950820923,ANOMALY
2265,1.96205472946167,ANOMALY
2266,1.9687939882278442,ANOMALY
2267,1.9728503227233887,ANOMALY
2268,1.97763991355896,ANOMALY
2269,1.9834247827529907,ANOMALY
2270,1.9918174743652344,ANOMALY
2271,1.9981799125671387,ANOMALY
2272,2.004859209060669,ANOMALY
2273,2.011683464050293,ANOMALY
2274,2.0185978412628174,ANOMALY
2275,2.025744915008545,ANOMALY
2276,2.0348668098449707,ANOMALY
2277,2.043170213699341,ANOMALY
2278,2.05057430267334,ANOMALY
2279,2.0665194988250732,ANOMALY
2280,2.080425500869751,ANOMALY
2281,2.0931758880615234,ANOMALY
2282,2.104652166366577,ANOMALY
2283,2.112952470779419,ANOMALY
2284,2.1287801265716553,ANOMALY
2285,2.137216806411743,ANOMALY
2286,2.150585889816284,ANOMALY
2287,2.1641712188720703,ANOMALY
2288,2.1692960262298584,ANOMALY
2289,2.179443597793579,ANOMALY
2290,2.1844210624694824,ANOMALY
2291,2.1877942085266113,ANOMALY
2292,2.1897542476654053,ANOMALY
2293,2.1904170513153076,ANOMALY
2294,2.189915657043457,ANOMALY
2295,2.188401699066162,ANOMALY
2296,2.1860549449920654,ANOMALY
2297,2.178570032119751,ANOMALY
2298,2.1753780841827393,ANOMALY
2299,2.166749954223633,ANOMALY
2300,2.158172369003296,ANOMALY
2301,2.149312734603882,ANOMALY
2302,2.1403017044067383,ANOMALY
2303,2.1312766075134277,ANOMALY
2304,2.122316837310791,ANOMALY
2305,2.113297462463379,ANOMALY
2306,2.1020591259002686,ANOMALY
2307,2.0938456058502197,ANOMALY
2308,2.0781655311584473,ANOMALY
2309,2.0633726119995117,ANOMALY
2310,2.048919439315796,ANOMALY
2311,2.034788131713867,ANOMALY
2312,2.021013021469116,ANOMALY
2313,2.007692337036133,ANOMALY
2314,1.99503493309021,ANOMALY
2315,1.9835125207901,ANOMALY
2316,1.975709080696106,ANOMALY
2317,1.9687340259552002,ANOMALY
2318,1.9626535177230835,ANOMALY
2319,1.9502873420715332,ANOMALY
2320,1.9390356540679932,ANOMALY
2321,1.9282286167144775,ANOMALY
2322,1.9178211688995361,ANOMALY
2323,1.907842993736267,ANOMALY
2324,1.8983498811721802,ANOMALY
2325,1.8894057273864746,ANOMALY
2326,1.881102442741394,ANOMALY
2327,1.873631238937378,ANOMALY
2328,1.8674222230911255,ANOMALY
2329,1.8647184371948242,ANOMALY
2330,1.8629342317581177,ANOMALY
2331,1.8622043132781982,ANOMALY
2332,1.8626108169555664,ANOMALY
2333,1.864282250404358,ANOMALY
2334,1.8687416315078735,ANOMALY
2335,1.8833105564117432,ANOMALY
2336,1.8995281457901,ANOMALY
2337,1.9153850078582764,ANOMALY
2338,1.929359793663025,ANOMALY
2339,1.9457099437713623,ANOMALY
2340,1.961900234222412,ANOMALY
2341,1.9778484106063843,ANOMALY
2342,1.993471622467041,ANOMALY
2343,2.0086629390716553,ANOMALY
2344,2.0232503414154053,ANOMALY
2345,2.0369293689727783,ANOMALY
2346,2.0591840744018555,ANOMALY
2347,2.0766305923461914,ANOMALY
2348,2.0942511558532715,ANOMALY
2349,2.1082277297973633,ANOMALY
2350,2.12119197845459,ANOMALY
2351,2.1332290172576904,ANOMALY
2352,2.1443533897399902,ANOMALY
2353,2.1621811389923096,ANOMALY
2354,2.1701929569244385,ANOMALY
2355,2.1775882244110107,ANOMALY
2356,2.183487892150879,ANOMALY
2357,2.1941120624542236,ANOMALY
2358,2.1935946941375732,ANOMALY
2359,2.1928892135620117,ANOMALY
2360,2.1915130615234375,ANOMALY
2361,2.1894471645355225,ANOMALY
2362,2.1867432594299316,ANOMALY
2363,2.183567762374878,ANOMALY
2364,2.1800780296325684,ANOMALY
2365,2.1763205528259277,ANOMALY
2366,2.172304630279541,ANOMALY
2367,2.1680169105529785,ANOMALY
2368,2.1632120609283447,ANOMALY
2369,2.155590534210205,ANOMALY
2370,2.148033380508423,ANOMALY
2371,2.1404902935028076,ANOMALY
2372,2.1329286098480225,ANOMALY
2373,2.1253409385681152,ANOMALY
2374,2.1177282333374023,ANOMALY
2375,2.1045405864715576,ANOMALY
2376,2.091919183731079,ANOMALY
2377,2.079318046569824,ANOMALY
2378,2.066760778427124,ANOMALY
2379,2.0543270111083984,ANOMALY
2380,2.0421125888824463,ANOMALY
2381,2.0302295684814453,ANOMALY
2382,2.0188355445861816,ANOMALY
2383,2.0082101821899414,ANOMALY
2384,1.9988794326782227,ANOMALY
2385,1.993349313735962,ANOMALY
2386,1.9886300563812256,ANOMALY
2387,1.9846082925796509,ANOMALY
2388,1.9811391830444336,ANOMALY
2389,1.9781043529510498,ANOMALY
2390,1.9754377603530884,ANOMALY
2391,1.97310209274292,ANOMALY
2392,1.9710783958435059,ANOMALY
2393,1.9693793058395386,ANOMALY
2394,1.9681084156036377,ANOMALY
2395,1.9675980806350708,ANOMALY
2396,1.9780631065368652,ANOMALY
2397,1.987587571144104,ANOMALY
2398,1.996883749961853,ANOMALY
2399,2.005986452102661,ANOMALY
2400,2.0148746967315674,ANOMALY
2401,2.0235543251037598,ANOMALY
2402,2.0321571826934814,ANOMALY
2403,2.042325973510742,ANOMALY
2404,2.0490622520446777,ANOMALY
2405,2.054957389831543,ANOMALY
2406,2.0601956844329834,ANOMALY
2407,2.066709280014038,ANOMALY
2408,2.0698156356811523,ANOMALY
2409,2.072425603866577,ANOMALY
2410,2.0746583938598633,ANOMALY
2411,2.0765798091888428,ANOMALY
2412,2.0782341957092285,ANOMALY
2413,2.079660177230835,ANOMALY
2414,2.080890417098999,ANOMALY
2415,2.081954002380371,ANOMALY
2416,2.0828745365142822,ANOMALY
2417,2.0836706161499023,ANOMALY
2418,2.0843558311462402,ANOMALY
2419,2.0849409103393555,ANOMALY
2420,2.085430383682251,ANOMALY
2421,2.0858190059661865,ANOMALY
2422,2.0805177688598633,ANOMALY
2423,2.075529098510742,ANOMALY
2424,2.0699400901794434,ANOMALY
2425,2.061509609222412,ANOMALY
2426,2.053168535232544,ANOMALY
2427,2.045006513595581,ANOMALY
2428,2.0371203422546387,ANOMALY
2429,2.029622793197632,ANOMALY
2430,2.0226590633392334,ANOMALY
2431,2.0163938999176025,ANOMALY
2432,2.0109472274780273,ANOMALY
2433,2.0063085556030273,ANOMALY
2434,2.0023648738861084,ANOMALY
2435,1.9989688396453857,ANOMALY
2436,1.9959977865219116,ANOMALY
2437,1.9933792352676392,ANOMALY
2438,1.9910691976547241,ANOMALY
2439,1.9890345335006714,ANOMALY
2440,1.987247347831726,ANOMALY
2441,1.9856857061386108,ANOMALY
2442,1.984339952468872,ANOMALY
2443,1.9832329750061035,ANOMALY
2444,1.9824798107147217,ANOMALY
2445,1.9824202060699463,ANOMALY
2446,1.985236406326294,ANOMALY
2447,1.988144874572754,ANOMALY
2448,1.991135835647583,ANOMALY
2449,1.9858380556106567,ANOMALY
2450,1.9812947511672974,ANOMALY
2451,1.9768726825714111,ANOMALY
2452,1.972578763961792,ANOMALY
2453,1.9684680700302124,ANOMALY
2454,1.9646008014678955,ANOMALY
2455,1.9707672595977783,ANOMALY
2456,1.966680884361267,ANOMALY
2457,1.963632345199585,ANOMALY
2458,1.9610694646835327,ANOMALY
2459,1.9590362310409546,ANOMALY
2460,1.9683419466018677,ANOMALY
2461,1.9669455289840698,ANOMALY
2462,1.9780476093292236,ANOMALY
2463,1.9889601469039917,ANOMALY
2464,2.0000159740448,ANOMALY
2465,2.0110130310058594,ANOMALY
2466,2.021775245666504,ANOMALY
2467,2.0322628021240234,ANOMALY
2468,2.0425827503204346,ANOMALY
2469,2.0526840686798096,ANOMALY
2470,2.0622498989105225,ANOMALY
2471,2.0706799030303955,ANOMALY
2472,2.085897922515869,ANOMALY
2473,2.0987133979797363,ANOMALY
2474,2.109994411468506,ANOMALY
2475,2.12004017829895,ANOMALY
2476,2.1290667057037354,ANOMALY
2477,2.1371922492980957,ANOMALY
2478,2.152276039123535,ANOMALY
2479,2.164870023727417,ANOMALY
2480,2.1755971908569336,ANOMALY
2481,2.1843485832214355,ANOMALY
2482,2.1911215782165527,ANOMALY
2483,2.1961214542388916,ANOMALY
2484,2.199559450149536,ANOMALY
2485,2.2015154361724854,ANOMALY
2486,2.2019476890563965,ANOMALY
2487,2.2008914947509766,ANOMALY
2488,2.198554039001465,ANOMALY
2489,2.1952097415924072,ANOMALY
2490,2.186882972717285,ANOMALY
2491,2.1785836219787598,ANOMALY
2492,2.169914484024048,ANOMALY
2493,2.1609554290771484,ANOMALY
2494,2.15183424949646,ANOMALY
2495,2.1426942348480225,ANOMALY
2496,2.1336729526519775,ANOMALY
2497,2.124845027923584,ANOMALY
2498,2.1160290241241455,ANOMALY
2499,2.1048367023468018,ANOMALY
2500,2.0942673683166504,ANOMALY
2501,2.079153537750244,ANOMALY
2502,2.0649030208587646,ANOMALY
2503,2.051011085510254,ANOMALY
2504,2.037706136703491,ANOMALY
2505,2.027139663696289,ANOMALY
2506,2.0139236450195312,ANOMALY
2507,2.0012013912200928,ANOMALY
2508,1.9891818761825562,ANOMALY
2509,1.9782767295837402,ANOMALY
2510,1.9708304405212402,ANOMALY
2511,1.9548709392547607,ANOMALY
2512,1.9430791139602661,ANOMALY
2513,1.9318195581436157,ANOMALY
2514,1.92104172706604,ANOMALY
2515,1.9107427597045898,ANOMALY
2516,1.9009524583816528,ANOMALY
2517,1.8917165994644165,ANOMALY
2518,1.8830946683883667,ANOMALY
2519,1.8751873970031738,ANOMALY
2520,1.8682080507278442,ANOMALY
2521,1.8725873231887817,ANOMALY
2522,1.8798997402191162,ANOMALY
2523,1.888176441192627,ANOMALY
2524,1.8973147869110107,ANOMALY
2525,1.9070980548858643,ANOMALY
2526,1.9174129962921143,ANOMALY
2527,1.9284359216690063,ANOMALY
2528,1.9420080184936523,ANOMALY
2529,1.955416202545166,ANOMALY
2530,1.9684683084487915,ANOMALY
2531,1.9809226989746094,ANOMALY
2532,1.9925593137741089,ANOMALY
2533,2.003342390060425,ANOMALY
2534,2.0134100914001465,ANOMALY
2535,2.0229406356811523,ANOMALY
2536,2.032055616378784,ANOMALY
2537,2.040783643722534,ANOMALY
2538,2.0579938888549805,ANOMALY
2539,2.073164939880371,ANOMALY
2540,2.0851643085479736,ANOMALY
2541,2.096581220626831,ANOMALY
2542,2.1074323654174805,ANOMALY
2543,2.1253976821899414,ANOMALY
2544,2.141247034072876,ANOMALY
2545,2.155625343322754,ANOMALY
2546,2.1683952808380127,ANOMALY
2547,2.1793301105499268,ANOMALY
2548,2.1883628368377686,ANOMALY
2549,2.1955039501190186,ANOMALY
2550,2.200502872467041,ANOMALY
2551,2.2010960578918457,ANOMALY
2552,2.2001662254333496,ANOMALY
2553,2.1979310512542725,ANOMALY
2554,2.1946637630462646,ANOMALY
2555,2.1906216144561768,ANOMALY
2556,2.185981512069702,ANOMALY
2557,2.1808412075042725,ANOMALY
2558,2.1752376556396484,ANOMALY
2559,2.1651196479797363,ANOMALY
2560,2.158740520477295,ANOMALY
2561,2.148545503616333,ANOMALY
2562,2.1381609439849854,ANOMALY
2563,2.123741865158081,ANOMALY
2564,2.109809637069702,ANOMALY
2565,2.0959537029266357,ANOMALY
2566,2.082237720489502,ANOMALY
2567,2.068739891052246,ANOMALY
2568,2.0555264949798584,ANOMALY
2569,2.0427865982055664,ANOMALY
2570,2.0310192108154297,ANOMALY
2571,2.0229310989379883,ANOMALY
2572,2.015465497970581,ANOMALY
2573,2.008598566055298,ANOMALY
2574,2.002232313156128,ANOMALY
2575,1.996240258216858,ANOMALY
2576,1.9905290603637695,ANOMALY
2577,1.9850468635559082,ANOMALY
2578,1.9797654151916504,ANOMALY
2579,1.9746618270874023,ANOMALY
2580,1.9697158336639404,ANOMALY
2581,1.959762454032898,ANOMALY
2582,1.9504591226577759,ANOMALY
2583,1.9412553310394287,ANOMALY
2584,1.932185173034668,ANOMALY
2585,1.923366665840149,ANOMALY
2586,1.915023684501648,ANOMALY
2587,1.9076271057128906,ANOMALY
2588,1.9036766290664673,ANOMALY
2589,1.9003753662109375,ANOMALY
2590,1.8979159593582153,ANOMALY
2591,1.8965092897415161,ANOMALY
2592,1.8964779376983643,ANOMALY
2593,1.8998876810073853,ANOMALY
2594,1.9038249254226685,ANOMALY
2595,1.915610909461975,ANOMALY
2596,1.9268136024475098,ANOMALY
2597,1.9380725622177124,ANOMALY
2598,1.9493658542633057,ANOMALY
2599,1.9605997800827026,ANOMALY
2600,1.9716567993164062,ANOMALY
2601,1.9823977947235107,ANOMALY
2602,1.9926505088806152,ANOMALY
2603,2.002204656600952,ANOMALY
2604,2.0108726024627686,ANOMALY
2605,2.0186121463775635,ANOMALY
2606,2.0255234241485596,ANOMALY
2607,2.0317001342773438,ANOMALY
2608,2.0370640754699707,ANOMALY
2609,2.039858341217041,ANOMALY
2610,2.045079231262207,ANOMALY
2611,2.0498626232147217,ANOMALY
2612,2.053877353668213,ANOMALY
2613,2.054950714111328,ANOMALY
2614,2.055880069732666,ANOMALY
2615,2.056687831878662,ANOMALY
2616,2.0573925971984863,ANOMALY
2617,2.058009386062622,ANOMALY
2618,2.058551073074341,ANOMALY
2619,2.059027671813965,ANOMALY
2620,2.0594465732574463,ANOMALY
2621,2.059814453125,ANOMALY
2622,2.0601367950439453,ANOMALY
2623,2.060415267944336,ANOMALY
2624,2.060652494430542,ANOMALY
2625,2.060847520828247,ANOMALY
2626,2.0609960556030273,ANOMALY
2627,2.055626392364502,ANOMALY
2628,2.0507142543792725,ANOMALY
2629,2.045581102371216,ANOMALY
2630,2.0398874282836914,ANOMALY
2631,2.0314221382141113,ANOMALY
2632,2.0231497287750244,ANOMALY
2633,2.0151679515838623,ANOMALY
2634,2.00759220123291,ANOMALY
2635,2.0005695819854736,ANOMALY
2636,1.9942654371261597,ANOMALY
2637,1.9887919425964355,ANOMALY
2638,1.9841351509094238,ANOMALY
2639,1.9801840782165527,ANOMALY
2640,1.9767996072769165,ANOMALY
2641,1.973876953125,ANOMALY
2642,1.9713902473449707,ANOMALY
2643,1.969426155090332,ANOMALY
2644,1.9683080911636353,ANOMALY
2645,1.9622445106506348,ANOMALY
2646,1.9570019245147705,ANOMALY
2647,1.9519400596618652,ANOMALY
2648,1.9470617771148682,ANOMALY
2649,1.9424164295196533,ANOMALY
2650,1.9380621910095215,ANOMALY
2651,1.934047818183899,ANOMALY
2652,1.930417776107788,ANOMALY
2653,1.927220344543457,ANOMALY
2654,1.934678554534912,ANOMALY
2655,1.941922664642334,ANOMALY
2656,1.9396259784698486,ANOMALY
2657,1.9494763612747192,ANOMALY
2658,1.9593863487243652,ANOMALY
2659,1.9697271585464478,ANOMALY
2660,1.9803037643432617,ANOMALY
2661,1.9909493923187256,ANOMALY
2662,2.0015082359313965,ANOMALY
2663,2.0118024349212646,ANOMALY
2664,2.0216147899627686,ANOMALY
2665,2.0307395458221436,ANOMALY
2666,2.0488314628601074,ANOMALY
2667,2.05551815032959,ANOMALY
2668,2.071594476699829,ANOMALY
2669,2.085728883743286,ANOMALY
2670,2.098712682723999,ANOMALY
2671,2.110757350921631,ANOMALY
2672,2.121955633163452,ANOMALY
2673,2.1399996280670166,ANOMALY
2674,2.148268699645996,ANOMALY
2675,2.163031578063965,ANOMALY
2676,2.168130397796631,ANOMALY
2677,2.1700689792633057,ANOMALY
2678,2.170914649963379,ANOMALY
2679,2.1707239151000977,ANOMALY
2680,2.1695966720581055,ANOMALY
2681,2.167628526687622,ANOMALY
2682,2.1649177074432373,ANOMALY
2683,2.167309522628784,ANOMALY
2684,2.168457508087158,ANOMALY
2685,2.169290065765381,ANOMALY
2686,2.1699588298797607,ANOMALY
2687,2.1653287410736084,ANOMALY
2688,2.1610522270202637,ANOMALY
2689,2.1564018726348877,ANOMALY
2690,2.1512064933776855,ANOMALY
2691,2.1453676223754883,ANOMALY
2692,2.1388773918151855,ANOMALY
2693,2.1318023204803467,ANOMALY
2694,2.124080181121826,ANOMALY
2695,2.1135802268981934,ANOMALY
2696,2.103536605834961,ANOMALY
2697,2.0887835025787354,ANOMALY
2698,2.0748767852783203,ANOMALY
2699,2.0612175464630127,ANOMALY
2700,2.0477709770202637,ANOMALY
2701,2.034616470336914,ANOMALY
2702,2.0219545364379883,ANOMALY
2703,2.0102155208587646,ANOMALY
2704,2.0018582344055176,ANOMALY
2705,1.9937771558761597,ANOMALY
2706,1.9840655326843262,ANOMALY
2707,1.9782230854034424,ANOMALY
2708,1.973218560218811,ANOMALY
2709,1.9615483283996582,ANOMALY
2710,1.9509196281433105,ANOMALY
2711,1.9406673908233643,ANOMALY
2712,1.9307851791381836,ANOMALY
2713,1.921351671218872,ANOMALY
2714,1.9125291109085083,ANOMALY
2715,1.9046282768249512,ANOMALY
2716,1.899614691734314,ANOMALY
2717,1.893021821975708,ANOMALY
2718,1.8897629976272583,ANOMALY
2719,1.8872393369674683,ANOMALY
2720,1.8856216669082642,ANOMALY
2721,1.8851211071014404,ANOMALY
2722,1.885962963104248,ANOMALY
2723,1.8896304368972778,ANOMALY
2724,1.8918673992156982,ANOMALY
2725,1.9080986976623535,ANOMALY
2726,1.9212521314620972,ANOMALY
2727,1.9343910217285156,ANOMALY
2728,1.9475358724594116,ANOMALY
2729,1.9606422185897827,ANOMALY
2730,1.9736758470535278,ANOMALY
2731,1.9866920709609985,ANOMALY
2732,1.999949336051941,ANOMALY
2733,2.015153646469116,ANOMALY
2734,2.0401248931884766,ANOMALY
2735,2.062417507171631,ANOMALY
2736,2.0822362899780273,ANOMALY
2737,2.0978596210479736,ANOMALY
2738,2.111989974975586,ANOMALY
2739,2.124911308288574,ANOMALY
2740,2.1367623805999756,ANOMALY
2741,2.147554874420166,ANOMALY
2742,2.157196044921875,ANOMALY
2743,2.172732353210449,ANOMALY
2744,2.1785221099853516,ANOMALY
2745,2.1900546550750732,ANOMALY
2746,2.1926047801971436,ANOMALY
2747,2.1922895908355713,ANOMALY
2748,2.1913318634033203,ANOMALY
2749,2.189741373062134,ANOMALY
2750,2.1875228881835938,ANOMALY
2751,2.1846683025360107,ANOMALY
2752,2.18121075630188,ANOMALY
2753,2.1772966384887695,ANOMALY
2754,2.1731297969818115,ANOMALY
2755,2.168923854827881,ANOMALY
2756,2.164780855178833,ANOMALY
2757,2.1605825424194336,ANOMALY
2758,2.1559243202209473,ANOMALY
2759,2.1483805179595947,ANOMALY
2760,2.140820264816284,ANOMALY
2761,2.133235216140747,ANOMALY
2762,2.1256277561187744,ANOMALY
2763,2.1179990768432617,ANOMALY
2764,2.1103503704071045,ANOMALY
2765,2.1026804447174072,ANOMALY
2766,2.0894734859466553,ANOMALY
2767,2.076831817626953,ANOMALY
2768,2.064208507537842,ANOMALY
2769,2.0516316890716553,ANOMALY
2770,2.039184331893921,ANOMALY
2771,2.026973009109497,ANOMALY
2772,2.015139579772949,ANOMALY
2773,2.003931999206543,ANOMALY
2774,1.9938616752624512,ANOMALY
2775,1.9875096082687378,ANOMALY
2776,1.981992244720459,ANOMALY
2777,1.9772909879684448,ANOMALY
2778,1.9732944965362549,ANOMALY
2779,1.969865083694458,ANOMALY
2780,1.9669004678726196,ANOMALY
2781,1.9643738269805908,ANOMALY
2782,1.9623745679855347,ANOMALY
2783,1.9612263441085815,ANOMALY
2784,1.9631321430206299,ANOMALY
2785,1.9652493000030518,ANOMALY
2786,1.9675514698028564,ANOMALY
2787,1.970017910003662,ANOMALY
2788,1.9726333618164062,ANOMALY
2789,1.9753928184509277,ANOMALY
2790,1.9783120155334473,ANOMALY
2791,1.9814784526824951,ANOMALY
2792,1.985131025314331,ANOMALY
2793,1.991028904914856,ANOMALY
2794,1.994735836982727,ANOMALY
2795,2.0005228519439697,ANOMALY
2796,2.003767490386963,ANOMALY
2797,2.0070605278015137,ANOMALY
2798,2.0103964805603027,ANOMALY
2799,2.0137717723846436,ANOMALY
2800,2.0171821117401123,ANOMALY
2801,2.020622968673706,ANOMALY
2802,2.024092197418213,ANOMALY
2803,2.027583599090576,ANOMALY
2804,2.031095027923584,ANOMALY
2805,2.0346219539642334,ANOMALY
2806,2.038160800933838,ANOMALY
2807,2.041705369949341,ANOMALY
2808,2.045252561569214,ANOMALY
2809,2.048794746398926,ANOMALY
2810,2.05232572555542,ANOMALY
2811,2.0558340549468994,ANOMALY
2812,2.0592992305755615,ANOMALY
2813,2.0626747608184814,ANOMALY
2814,2.0658273696899414,ANOMALY
2815,2.068406105041504,ANOMALY
2816,2.068406105041504,ANOMALY
2817,2.068406105041504,ANOMALY
2818,2.068406105041504,ANOMALY
2819,2.068406105041504,ANOMALY
2820,2.068406105041504,ANOMALY
2821,2.068406105041504,ANOMALY
2822,2.068406105041504,ANOMALY
2823,2.068406105041504,ANOMALY
2824,2.068406105041504,ANOMALY
2825,2.0596582889556885,ANOMALY
2826,2.0606493949890137,ANOMALY
2827,2.0519862174987793,ANOMALY
2828,2.044076919555664,ANOMALY
2829,2.0363478660583496,ANOMALY
2830,2.028805732727051,ANOMALY
2831,2.0214929580688477,ANOMALY
2832,2.014460802078247,ANOMALY
2833,2.007763147354126,ANOMALY
2834,2.0014586448669434,ANOMALY
2835,1.995627999305725,ANOMALY
2836,1.9903779029846191,ANOMALY
2837,1.9858204126358032,ANOMALY
2838,1.9820013046264648,ANOMALY
2839,1.9789220094680786,ANOMALY
2840,1.9766029119491577,ANOMALY
2841,1.974998116493225,ANOMALY
2842,1.9740084409713745,ANOMALY
2843,1.973515272140503,ANOMALY
2844,1.9734262228012085,ANOMALY
2845,1.9736807346343994,ANOMALY
2846,1.9742350578308105,ANOMALY
2847,1.9750515222549438,ANOMALY
2848,1.976098656654358,ANOMALY
2849,1.9773483276367188,ANOMALY
2850,1.9787770509719849,ANOMALY
2851,1.9803650379180908,ANOMALY
2852,1.9820948839187622,ANOMALY
2853,1.983952283859253,ANOMALY
2854,1.9859248399734497,ANOMALY
2855,1.9880006313323975,ANOMALY
2856,2.003321647644043,ANOMALY
2857,2.017345666885376,ANOMALY
2858,2.0307748317718506,ANOMALY
2859,2.0437171459198,ANOMALY
2860,2.056185722351074,ANOMALY
2861,2.0681662559509277,ANOMALY
2862,2.079636573791504,ANOMALY
2863,2.0905730724334717,ANOMALY
2864,2.1009371280670166,ANOMALY
2865,2.1106505393981934,ANOMALY
2866,2.119565725326538,ANOMALY
2867,2.1274490356445312,ANOMALY
2868,2.1445810794830322,ANOMALY
2869,2.15872859954834,ANOMALY
2870,2.1711034774780273,ANOMALY
2871,2.182156562805176,ANOMALY
2872,2.1920621395111084,ANOMALY
2873,2.2008097171783447,ANOMALY
2874,2.208184242248535,ANOMALY
2875,2.2124505043029785,ANOMALY
2876,2.217571258544922,ANOMALY
2877,2.218916893005371,ANOMALY
2878,2.2188055515289307,ANOMALY
2879,2.217305898666382,ANOMALY
2880,2.214679002761841,ANOMALY
2881,2.2112131118774414,ANOMALY
2882,2.207118272781372,ANOMALY
2883,2.2025139331817627,ANOMALY
2884,2.197479009628296,ANOMALY
2885,2.1920759677886963,ANOMALY
2886,2.180264472961426,ANOMALY
2887,2.1688756942749023,ANOMALY
2888,2.157374858856201,ANOMALY
2889,2.145798444747925,ANOMALY
2890,2.134230375289917,ANOMALY
2891,2.1227667331695557,ANOMALY
2892,2.111504316329956,ANOMALY
2893,2.1005563735961914,ANOMALY
2894,2.090069055557251,ANOMALY
2895,2.0802204608917236,ANOMALY
2896,2.071165084838867,ANOMALY
2897,2.0553016662597656,ANOMALY
2898,2.040593385696411,ANOMALY
2899,2.026379346847534,ANOMALY
2900,2.012594223022461,ANOMALY
2901,1.9992475509643555,ANOMALY
2902,1.9863909482955933,ANOMALY
2903,1.9741084575653076,ANOMALY
2904,1.9625705480575562,ANOMALY
2905,1.95216703414917,ANOMALY
2906,1.9451082944869995,ANOMALY
2907,1.938753366470337,ANOMALY
2908,1.9332422018051147,ANOMALY
2909,1.9287015199661255,ANOMALY
2910,1.9251453876495361,ANOMALY
2911,1.922462821006775,ANOMALY
2912,1.9205032587051392,ANOMALY
2913,1.9191471338272095,ANOMALY
2914,1.9183282852172852,ANOMALY
2915,1.9180426597595215,ANOMALY
2916,1.9183834791183472,ANOMALY
2917,1.9196441173553467,ANOMALY
2918,1.9236239194869995,ANOMALY
2919,1.9278525114059448,ANOMALY
2920,1.9323006868362427,ANOMALY
2921,1.9494948387145996,ANOMALY
2922,1.953191876411438,ANOMALY
2923,1.9701710939407349,ANOMALY
2924,1.986060380935669,ANOMALY
2925,2.00148868560791,ANOMALY
2926,2.0165092945098877,ANOMALY
2927,2.0311152935028076,ANOMALY
2928,2.045269012451172,ANOMALY
2929,2.0702314376831055,ANOMALY
2930,2.092880964279175,ANOMALY
2931,2.113837242126465,ANOMALY
2932,2.132995367050171,ANOMALY
2933,2.1502928733825684,ANOMALY
2934,2.1656296253204346,ANOMALY
2935,2.17875337600708,ANOMALY
2936,2.1879494190216064,ANOMALY
2937,2.195688486099243,ANOMALY
2938,2.2019202709198,ANOMALY
2939,2.2065300941467285,ANOMALY
2940,2.216632604598999,ANOMALY
2941,2.224062919616699,ANOMALY
2942,2.22998046875,ANOMALY
2943,2.228738307952881,ANOMALY
2944,2.2274341583251953,ANOMALY
2945,2.225339412689209,ANOMALY
2946,2.222050905227661,ANOMALY
2947,2.2152764797210693,ANOMALY
2948,2.2077527046203613,ANOMALY
2949,2.1994802951812744,ANOMALY
2950,2.190650224685669,ANOMALY
2951,2.1816203594207764,ANOMALY
2952,2.1727447509765625,ANOMALY
2953,2.1641952991485596,ANOMALY
2954,2.1559460163116455,ANOMALY
2955,2.147883653640747,ANOMALY
2956,2.139904499053955,ANOMALY
2957,2.1319620609283447,ANOMALY
2958,2.1240432262420654,ANOMALY
2959,2.110633373260498,ANOMALY
2960,2.0978124141693115,ANOMALY
2961,2.085033655166626,ANOMALY
2962,2.0723156929016113,ANOMALY
2963,2.0597317218780518,ANOMALY
2964,2.047370672225952,ANOMALY
2965,2.035327196121216,ANOMALY
2966,2.0237226486206055,ANOMALY
2967,2.012714385986328,ANOMALY
2968,2.0025012493133545,ANOMALY
2969,1.9932968616485596,ANOMALY
2970,1.9853515625,ANOMALY
2971,1.9807072877883911,ANOMALY
2972,1.9742369651794434,ANOMALY
2973,1.9711639881134033,ANOMALY
2974,1.9684698581695557,ANOMALY
2975,1.9661260843276978,ANOMALY
2976,1.9641424417495728,ANOMALY
2977,1.9626187086105347,ANOMALY
2978,1.961884617805481,ANOMALY
2979,1.9641417264938354,ANOMALY
2980,1.9665621519088745,ANOMALY
2981,1.9691269397735596,ANOMALY
2982,1.9718204736709595,ANOMALY
2983,1.974631667137146,ANOMALY
2984,1.9775506258010864,ANOMALY
2985,1.9805740118026733,ANOMALY
2986,1.9837054014205933,ANOMALY
2987,1.9869790077209473,ANOMALY
2988,1.990513563156128,ANOMALY
2989,1.9946385622024536,ANOMALY
2990,2.0013251304626465,ANOMALY
2991,2.0078225135803223,ANOMALY
2992,2.0137717723846436,ANOMALY
2993,2.0171821117401123,ANOMALY
2994,2.020622968673706,ANOMALY
2995,2.024092197418213,ANOMALY
2996,2.027583599090576,ANOMALY
2997,2.031095027923584,ANOMALY
2998,2.0346219539642334,ANOMALY
2999,2.038160800933838,ANOMALY
3000,2.041705369949341,ANOMALY
3001,2.045252561569214,ANOMALY
3002,2.048794746398926,ANOMALY
3003,2.05232572555542,ANOMALY
3004,2.0558340549468994,ANOMALY
3005,2.0592992305755615,ANOMALY
3006,2.0626747608184814,ANOMALY
3007,2.0658273696899414,ANOMALY
3008,2.0770344734191895,ANOMALY
3009,2.076080083847046,ANOMALY
3010,2.075800895690918,ANOMALY
3011,2.0839738845825195,ANOMALY
3012,2.090949058532715,ANOMALY
3013,2.097428798675537,ANOMALY
3014,2.1034536361694336,ANOMALY
3015,2.1013755798339844,ANOMALY
3016,2.1073434352874756,ANOMALY
3017,2.1044704914093018,ANOMALY
3018,2.101813554763794,ANOMALY
3019,2.098794460296631,ANOMALY
3020,2.095392942428589,ANOMALY
3021,2.091564416885376,ANOMALY
3022,2.087338924407959,ANOMALY
3023,2.0828733444213867,ANOMALY
3024,2.0784268379211426,ANOMALY
3025,2.074259042739868,ANOMALY
3026,2.070510149002075,ANOMALY
3027,2.0672457218170166,ANOMALY
3028,2.0564303398132324,ANOMALY
3029,2.0550036430358887,ANOMALY
3030,2.053323745727539,ANOMALY
3031,2.0434255599975586,ANOMALY
3032,2.034463882446289,ANOMALY
3033,2.0258066654205322,ANOMALY
3034,2.017434597015381,ANOMALY
3035,2.009385585784912,ANOMALY
3036,2.0017151832580566,ANOMALY
3037,1.9944851398468018,ANOMALY
3038,1.987770438194275,ANOMALY
3039,1.9816501140594482,ANOMALY
3040,1.976170539855957,ANOMALY
3041,1.971298098564148,ANOMALY
3042,1.9670286178588867,ANOMALY
3043,1.963468313217163,ANOMALY
3044,1.9607188701629639,ANOMALY
3045,1.9587550163269043,ANOMALY
3046,1.9693689346313477,ANOMALY
3047,1.97934889793396,ANOMALY
3048,1.98927640914917,ANOMALY
3049,1.9991575479507446,ANOMALY
3050,2.0089356899261475,ANOMALY
3051,2.0185399055480957,ANOMALY
3052,2.0279030799865723,ANOMALY
3053,2.036961793899536,ANOMALY
3054,2.0456438064575195,ANOMALY
3055,2.0538551807403564,ANOMALY
3056,2.0718321800231934,ANOMALY
3057,2.087376594543457,ANOMALY
3058,2.102928876876831,ANOMALY
3059,2.114586591720581,ANOMALY
3060,2.1255228519439697,ANOMALY
3061,2.137935161590576,ANOMALY
3062,2.149312734603882,ANOMALY
3063,2.159538984298706,ANOMALY
3064,2.1682562828063965,ANOMALY
3065,2.1734724044799805,ANOMALY
3066,2.1793606281280518,ANOMALY
3067,2.181338310241699,ANOMALY
3068,2.182267427444458,ANOMALY
3069,2.1888372898101807,ANOMALY
3070,2.1875545978546143,ANOMALY
3071,2.1924448013305664,ANOMALY
3072,2.190129041671753,ANOMALY
3073,2.187992572784424,ANOMALY
3074,2.185460329055786,ANOMALY
3075,2.1824538707733154,ANOMALY
3076,2.1788527965545654,ANOMALY
3077,2.1743834018707275,ANOMALY
3078,2.167036771774292,ANOMALY
3079,2.1621007919311523,ANOMALY
3080,2.1564927101135254,ANOMALY
3081,2.148040294647217,ANOMALY
3082,2.1342666149139404,ANOMALY
3083,2.12119197845459,ANOMALY
3084,2.1082563400268555,ANOMALY
3085,2.095432758331299,ANOMALY
3086,2.0827648639678955,ANOMALY
3087,2.070330858230591,ANOMALY
3088,2.0582242012023926,ANOMALY
3089,2.0465586185455322,ANOMALY
3090,2.0354807376861572,ANOMALY
3091,2.025160789489746,ANOMALY
3092,2.0157270431518555,ANOMALY
3093,2.007202386856079,ANOMALY
3094,1.9996004104614258,ANOMALY
3095,1.985510230064392,ANOMALY
3096,1.975307583808899,ANOMALY
3097,1.9654130935668945,ANOMALY
3098,1.9558240175247192,ANOMALY
3099,1.9553674459457397,ANOMALY
3100,1.9545559883117676,ANOMALY
3101,1.9453060626983643,ANOMALY
3102,1.9372292757034302,ANOMALY
3103,1.9297376871109009,ANOMALY
3104,1.9229849576950073,ANOMALY
3105,1.917435884475708,ANOMALY
3106,1.9153038263320923,ANOMALY
3107,1.9140011072158813,ANOMALY
3108,1.9134691953659058,ANOMALY
3109,1.9135288000106812,ANOMALY
3110,1.913955807685852,ANOMALY
3111,1.925708293914795,ANOMALY
3112,1.9365782737731934,ANOMALY
3113,1.9476606845855713,ANOMALY
3114,1.9591976404190063,ANOMALY
3115,1.9710768461227417,ANOMALY
3116,1.9831026792526245,ANOMALY
3117,1.9952020645141602,ANOMALY
3118,2.007498025894165,ANOMALY
3119,2.0214340686798096,ANOMALY
3120,2.0431597232818604,ANOMALY
3121,2.0643246173858643,ANOMALY
3122,2.0812439918518066,ANOMALY
3123,2.0964412689208984,ANOMALY
3124,2.1102185249328613,ANOMALY
3125,2.1228384971618652,ANOMALY
3126,2.134424924850464,ANOMALY
3127,2.1449735164642334,ANOMALY
3128,2.1543776988983154,ANOMALY
3129,2.1624343395233154,ANOMALY
3130,2.175830125808716,ANOMALY
3131,2.186001777648926,ANOMALY
3132,2.191896915435791,ANOMALY
3133,2.196594715118408,ANOMALY
3134,2.200272560119629,ANOMALY
3135,2.202965021133423,ANOMALY
3136,2.2046163082122803,ANOMALY
3137,2.2001750469207764,ANOMALY
3138,2.1953394412994385,ANOMALY
3139,2.1895132064819336,ANOMALY
3140,2.182797431945801,ANOMALY
3141,2.1754231452941895,ANOMALY
3142,2.167644739151001,ANOMALY
3143,2.1596157550811768,ANOMALY
3144,2.151226282119751,ANOMALY
3145,2.1402769088745117,ANOMALY
3146,2.1299283504486084,ANOMALY
3147,2.1202800273895264,ANOMALY
3148,2.1115570068359375,ANOMALY
3149,2.1059632301330566,ANOMALY
3150,2.1000254154205322,ANOMALY
3151,2.0912327766418457,ANOMALY
3152,2.082571029663086,ANOMALY
3153,2.0740246772766113,ANOMALY
3154,2.0655786991119385,ANOMALY
3155,2.0572211742401123,ANOMALY
3156,2.048943281173706,ANOMALY
3157,2.035414695739746,ANOMALY
3158,2.0225601196289062,ANOMALY
3159,2.0099563598632812,ANOMALY
3160,1.997992753982544,ANOMALY
3161,1.9892315864562988,ANOMALY
3162,1.9807015657424927,ANOMALY
3163,1.9725050926208496,ANOMALY
3164,1.9647613763809204,ANOMALY
3165,1.957625150680542,ANOMALY
3166,1.951269507408142,ANOMALY
3167,1.945833683013916,ANOMALY
3168,1.941418170928955,ANOMALY
3169,1.9382691383361816,ANOMALY
3170,1.9385290145874023,ANOMALY
3171,1.939218282699585,ANOMALY
3172,1.9402700662612915,ANOMALY
3173,1.949326753616333,ANOMALY
3174,1.950138807296753,ANOMALY
3175,1.951882004737854,ANOMALY
3176,1.9615647792816162,ANOMALY
3177,1.9704307317733765,ANOMALY
3178,1.9792674779891968,ANOMALY
3179,1.9884209632873535,ANOMALY
3180,1.9999476671218872,ANOMALY
3181,2.010981559753418,ANOMALY
3182,2.021394968032837,ANOMALY
3183,2.0311484336853027,ANOMALY
3184,2.0401835441589355,ANOMALY
3185,2.048264503479004,ANOMALY
3186,2.0549867153167725,ANOMALY
3187,2.0582427978515625,ANOMALY
3188,2.0609116554260254,ANOMALY
3189,2.063152551651001,ANOMALY
3190,2.065070390701294,ANOMALY
3191,2.066723585128784,ANOMALY
3192,2.068150043487549,ANOMALY
3193,2.069382667541504,ANOMALY
3194,2.0704498291015625,ANOMALY
3195,2.0713748931884766,ANOMALY
3196,2.0721797943115234,ANOMALY
3197,2.072880506515503,ANOMALY
3198,2.0734903812408447,ANOMALY
3199,2.0740184783935547,ANOMALY
3200,2.0744733810424805,ANOMALY
3201,2.0748581886291504,ANOMALY
3202,2.075173854827881,ANOMALY
3203,2.075410842895508,ANOMALY
3204,2.075533866882324,ANOMALY
3205,2.075421094894409,ANOMALY
3206,2.0747122764587402,ANOMALY
3207,2.071078062057495,ANOMALY
3208,2.0674142837524414,ANOMALY
3209,2.0637240409851074,ANOMALY
3210,2.060009241104126,ANOMALY
3211,2.0562727451324463,ANOMALY
3212,2.0525176525115967,ANOMALY
3213,2.0487453937530518,ANOMALY
3214,2.044959306716919,ANOMALY
3215,2.0411620140075684,ANOMALY
3216,2.0319368839263916,ANOMALY
3217,2.023275375366211,ANOMALY
3218,2.0146350860595703,ANOMALY
3219,2.0060529708862305,ANOMALY
3220,1.9976375102996826,ANOMALY
3221,1.9895777702331543,ANOMALY
3222,1.982221245765686,ANOMALY
3223,1.977675437927246,ANOMALY
3224,1.971021294593811,ANOMALY
3225,1.965670108795166,ANOMALY
3226,1.964011788368225,ANOMALY
3227,1.963147759437561,ANOMALY
3228,1.9629629850387573,ANOMALY
3229,1.963314175605774,ANOMALY
3230,1.964083194732666,ANOMALY
3231,1.965200662612915,ANOMALY
3232,1.966620683670044,ANOMALY
3233,1.9683080911636353,ANOMALY
3234,1.9702304601669312,ANOMALY
3235,1.9723563194274902,ANOMALY
3236,1.9746596813201904,ANOMALY
3237,1.9771174192428589,ANOMALY
3238,1.979709506034851,ANOMALY
3239,1.9905389547348022,ANOMALY
3240,2.0003695487976074,ANOMALY
3241,2.009917974472046,ANOMALY
3242,2.0192198753356934,ANOMALY
3243,2.028231382369995,ANOMALY
3244,2.0368776321411133,ANOMALY
3245,2.0450615882873535,ANOMALY
3246,2.0526459217071533,ANOMALY
3247,2.0660924911499023,ANOMALY
3248,2.0771749019622803,ANOMALY
3249,2.086653709411621,ANOMALY
3250,2.0948140621185303,ANOMALY
3251,2.1018857955932617,ANOMALY
3252,2.107978582382202,ANOMALY
3253,2.11306095123291,ANOMALY
3254,2.1170108318328857,ANOMALY
3255,2.119715452194214,ANOMALY
3256,2.121216297149658,ANOMALY
3257,2.1216955184936523,ANOMALY
3258,2.12553334236145,ANOMALY
3259,2.124016761779785,ANOMALY
3260,2.1225314140319824,ANOMALY
3261,2.1206395626068115,ANOMALY
3262,2.118306875228882,ANOMALY
3263,2.1154985427856445,ANOMALY
3264,2.112107276916504,ANOMALY
3265,2.1078102588653564,ANOMALY
3266,2.100254535675049,ANOMALY
3267,2.092611789703369,ANOMALY
3268,2.084965944290161,ANOMALY
3269,2.077364206314087,ANOMALY
3270,2.0697999000549316,ANOMALY
3271,2.0622336864471436,ANOMALY
3272,2.054642915725708,ANOMALY
3273,2.0470240116119385,ANOMALY
3274,2.039381742477417,ANOMALY
3275,2.0317201614379883,ANOMALY
3276,2.024043321609497,ANOMALY
3277,2.0163536071777344,ANOMALY
3278,2.0086510181427,ANOMALY
3279,2.0009374618530273,ANOMALY
3280,1.9895330667495728,ANOMALY
3281,1.978613257408142,ANOMALY
3282,1.9677200317382812,ANOMALY
3283,1.9568889141082764,ANOMALY
3284,1.9462249279022217,ANOMALY
3285,1.9358725547790527,ANOMALY
3286,1.9260233640670776,ANOMALY
3287,1.9169594049453735,ANOMALY
3288,1.9047229290008545,ANOMALY
3289,1.8965706825256348,ANOMALY
3290,1.888918161392212,ANOMALY
3291,1.8817307949066162,ANOMALY
3292,1.875010371208191,ANOMALY
3293,1.8688021898269653,ANOMALY
3294,1.8632175922393799,ANOMALY
3295,1.8584948778152466,ANOMALY
3296,1.855131983757019,ANOMALY
3297,1.8554893732070923,ANOMALY
3298,1.8567577600479126,ANOMALY
3299,1.8588647842407227,ANOMALY
3300,1.8616830110549927,ANOMALY
3301,1.865073561668396,ANOMALY
3302,1.8689342737197876,ANOMALY
3303,1.8732032775878906,ANOMALY
3304,1.8778445720672607,ANOMALY
3305,1.8828452825546265,ANOMALY
3306,1.8882582187652588,ANOMALY
3307,1.8942774534225464,ANOMALY
3308,1.9025137424468994,ANOMALY
3309,1.9083517789840698,ANOMALY
3310,1.9222201108932495,ANOMALY
3311,1.9351768493652344,ANOMALY
3312,1.947927713394165,ANOMALY
3313,1.960496425628662,ANOMALY
3314,1.9728291034698486,ANOMALY
3315,1.9848405122756958,ANOMALY
3316,1.9964241981506348,ANOMALY
3317,2.0074334144592285,ANOMALY
3318,2.0176758766174316,ANOMALY
3319,2.0269646644592285,ANOMALY
3320,2.035256862640381,ANOMALY
3321,2.0426840782165527,ANOMALY
3322,2.0553829669952393,ANOMALY
3323,2.0665464401245117,ANOMALY
3324,2.0769801139831543,ANOMALY
3325,2.0867836475372314,ANOMALY
3326,2.0959322452545166,ANOMALY
3327,2.1043202877044678,ANOMALY
3328,2.111706495285034,ANOMALY
3329,2.117568016052246,ANOMALY
3330,2.119511604309082,ANOMALY
3331,2.120382785797119,ANOMALY
3332,2.1203420162200928,ANOMALY
3333,2.1195871829986572,ANOMALY
3334,2.118292808532715,ANOMALY
3335,2.1165435314178467,ANOMALY
3336,2.114288568496704,ANOMALY
3337,2.1112046241760254,ANOMALY
3338,2.1048707962036133,ANOMALY
3339,2.0983285903930664,ANOMALY
3340,2.091609239578247,ANOMALY
3341,2.0847394466400146,ANOMALY
3342,2.0777416229248047,ANOMALY
3343,2.070634365081787,ANOMALY
3344,2.0596814155578613,ANOMALY
3345,2.049137592315674,ANOMALY
3346,2.0385570526123047,ANOMALY
3347,2.0279812812805176,ANOMALY
3348,2.017515182495117,ANOMALY
3349,2.0072922706604004,ANOMALY
3350,1.997469186782837,ANOMALY
3351,1.9882111549377441,ANOMALY
3352,1.979645848274231,ANOMALY
3353,1.9717974662780762,ANOMALY
3354,1.964601993560791,ANOMALY
3355,1.9579505920410156,ANOMALY
3356,1.9517302513122559,ANOMALY
3357,1.945889949798584,ANOMALY
3358,1.9405059814453125,ANOMALY
3359,1.9359164237976074,ANOMALY
3360,1.9345512390136719,ANOMALY
3361,1.9333643913269043,ANOMALY
3362,1.927253246307373,ANOMALY
3363,1.921790361404419,ANOMALY
3364,1.9218426942825317,ANOMALY
3365,1.9214260578155518,ANOMALY
3366,1.9211961030960083,ANOMALY
3367,1.921242356300354,ANOMALY
3368,1.9216264486312866,ANOMALY
3369,1.9224371910095215,ANOMALY
3370,1.9238330125808716,ANOMALY
3371,1.9261027574539185,ANOMALY
3372,1.9313044548034668,ANOMALY
3373,1.9363514184951782,ANOMALY
3374,1.9411293268203735,ANOMALY
3375,1.945639967918396,ANOMALY
3376,1.949968695640564,ANOMALY
3377,1.9541972875595093,ANOMALY
3378,1.958363652229309,ANOMALY
3379,1.9624792337417603,ANOMALY
3380,1.966547966003418,ANOMALY
3381,1.970573902130127,ANOMALY
3382,1.9745618104934692,ANOMALY
3383,1.9785162210464478,ANOMALY
3384,1.9824419021606445,ANOMALY
3385,1.9863418340682983,ANOMALY
3386,1.9902175664901733,ANOMALY
3387,1.9940686225891113,ANOMALY
3388,1.9978936910629272,ANOMALY
3389,2.0016870498657227,ANOMALY
3390,2.0054357051849365,ANOMALY
3391,2.009098768234253,ANOMALY
3392,2.012551784515381,ANOMALY
3393,2.0154287815093994,ANOMALY
3394,2.0154857635498047,ANOMALY
3395,2.0155370235443115,ANOMALY
3396,2.0155832767486572,ANOMALY
3397,2.015624523162842,ANOMALY
3398,2.0156612396240234,ANOMALY
3399,2.0156936645507812,ANOMALY
3400,2.0157217979431152,ANOMALY
3401,2.0157461166381836,ANOMALY
3402,2.0157649517059326,ANOMALY
3403,2.0157790184020996,ANOMALY
3404,2.0157876014709473,ANOMALY
3405,2.0157887935638428,ANOMALY
3406,2.015782117843628,ANOMALY
3407,2.0157625675201416,ANOMALY
3408,2.015719413757324,ANOMALY
3409,2.0156192779541016,ANOMALY
3410,2.0153517723083496,ANOMALY
3411,2.01459002494812,ANOMALY
3412,2.011066198348999,ANOMALY
3413,2.0081043243408203,ANOMALY
3414,2.0081043243408203,ANOMALY
3415,2.0081043243408203,ANOMALY
3416,2.0081043243408203,ANOMALY
3417,2.0027456283569336,ANOMALY
3418,1.997941255569458,ANOMALY
3419,1.9931423664093018,ANOMALY
3420,1.988373875617981,ANOMALY
3421,1.9837135076522827,ANOMALY
3422,1.9792523384094238,ANOMALY
3423,1.975089430809021,ANOMALY
3424,1.9713389873504639,ANOMALY
3425,1.968146562576294,ANOMALY
3426,1.965670108795166,ANOMALY
3427,1.964011788368225,ANOMALY
3428,1.963147759437561,ANOMALY
3429,1.9629629850387573,ANOMALY
3430,1.963314175605774,ANOMALY
3431,1.964083194732666,ANOMALY
3432,1.965200662612915,ANOMALY
3433,1.966620683670044,ANOMALY
3434,1.9683080911636353,ANOMALY
3435,1.9702304601669312,ANOMALY
3436,1.9723563194274902,ANOMALY
3437,1.9826475381851196,ANOMALY
3438,1.9920200109481812,ANOMALY
3439,2.0011744499206543,ANOMALY
3440,2.010134220123291,ANOMALY
3441,2.0188465118408203,ANOMALY
3442,2.0272293090820312,ANOMALY
3443,2.0351765155792236,ANOMALY
3444,2.0425455570220947,ANOMALY
3445,2.049142837524414,ANOMALY
3446,2.0547776222229004,ANOMALY
3447,2.059401273727417,ANOMALY
3448,2.063145399093628,ANOMALY
3449,2.0662121772766113,ANOMALY
3450,2.0746936798095703,ANOMALY
3451,2.0817792415618896,ANOMALY
3452,2.088212251663208,ANOMALY
3453,2.0940747261047363,ANOMALY
3454,2.099348306655884,ANOMALY
3455,2.10395884513855,ANOMALY
3456,2.107781171798706,ANOMALY
3457,2.1106505393981934,ANOMALY
3458,2.11244535446167,ANOMALY
3459,2.113196849822998,ANOMALY
3460,2.113065242767334,ANOMALY
3461,2.1122443675994873,ANOMALY
3462,2.110913038253784,ANOMALY
3463,2.109175682067871,ANOMALY
3464,2.1070611476898193,ANOMALY
3465,2.104495048522949,ANOMALY
3466,2.1011452674865723,ANOMALY
3467,2.094574213027954,ANOMALY
3468,2.0840206146240234,ANOMALY
3469,2.0738158226013184,ANOMALY
3470,2.063523292541504,ANOMALY
3471,2.0531907081604004,ANOMALY
3472,2.04292893409729,ANOMALY
3473,2.0328752994537354,ANOMALY
3474,2.023189067840576,ANOMALY
3475,2.0140411853790283,ANOMALY
3476,2.0055670738220215,ANOMALY
3477,1.9931268692016602,ANOMALY
3478,1.9816781282424927,ANOMALY
3479,1.9706534147262573,ANOMALY
3480,1.9599928855895996,ANOMALY
3481,1.9497092962265015,ANOMALY
3482,1.939866065979004,ANOMALY
3483,1.930562138557434,ANOMALY
3484,1.9219492673873901,ANOMALY
3485,1.914289951324463,ANOMALY
3486,1.9080760478973389,ANOMALY
3487,1.9056967496871948,ANOMALY
3488,1.9041543006896973,ANOMALY
3489,1.9033242464065552,ANOMALY
3490,1.9030650854110718,ANOMALY
3491,1.8958659172058105,ANOMALY
3492,1.889581322669983,ANOMALY
3493,1.8835755586624146,ANOMALY
3494,1.8778572082519531,ANOMALY
3495,1.8724868297576904,ANOMALY
3496,1.8675391674041748,ANOMALY
3497,1.8631105422973633,ANOMALY
3498,1.8593864440917969,ANOMALY
3499,1.856772780418396,ANOMALY
3500,1.8671766519546509,ANOMALY
3501,1.877500295639038,ANOMALY
3502,1.8886369466781616,ANOMALY
3503,1.9006799459457397,ANOMALY
3504,1.9134427309036255,ANOMALY
3505,1.9266464710235596,ANOMALY
3506,1.9400502443313599,ANOMALY
3507,1.953478217124939,ANOMALY
3508,1.9667702913284302,ANOMALY
3509,1.9797297716140747,ANOMALY
3510,1.9921106100082397,ANOMALY
3511,2.0130841732025146,ANOMALY
3512,2.031643867492676,ANOMALY
3513,2.0488579273223877,ANOMALY
3514,2.0650651454925537,ANOMALY
3515,2.0803768634796143,ANOMALY
3516,2.0947024822235107,ANOMALY
3517,2.107675552368164,ANOMALY
3518,2.1172397136688232,ANOMALY
3519,2.1258108615875244,ANOMALY
3520,2.133207082748413,ANOMALY
3521,2.146014451980591,ANOMALY
3522,2.1563210487365723,ANOMALY
3523,2.165189027786255,ANOMALY
3524,2.1729369163513184,ANOMALY
3525,2.1795809268951416,ANOMALY
3526,2.1847715377807617,ANOMALY
3527,2.1861422061920166,ANOMALY
3528,2.1863808631896973,ANOMALY
3529,2.185363531112671,ANOMALY
3530,2.1831114292144775,ANOMALY
3531,2.175490617752075,ANOMALY
3532,2.172034978866577,ANOMALY
3533,2.1632189750671387,ANOMALY
3534,2.1545376777648926,ANOMALY
3535,2.145639419555664,ANOMALY
3536,2.1366183757781982,ANOMALY
3537,2.1276111602783203,ANOMALY
3538,2.1187520027160645,ANOMALY
3539,2.110074758529663,ANOMALY
3540,2.101309061050415,ANOMALY
3541,2.090015172958374,ANOMALY
3542,2.079268455505371,ANOMALY
3543,2.069005250930786,ANOMALY
3544,2.059152603149414,ANOMALY
3545,2.049628496170044,ANOMALY
3546,2.040370225906372,ANOMALY
3547,2.0313708782196045,ANOMALY
3548,2.022726535797119,ANOMALY
3549,2.00959849357605,ANOMALY
3550,2.0002193450927734,ANOMALY
3551,1.9909318685531616,ANOMALY
3552,1.981751561164856,ANOMALY
3553,1.9727485179901123,ANOMALY
3554,1.9640120267868042,ANOMALY
3555,1.9556411504745483,ANOMALY
3556,1.947758674621582,ANOMALY
3557,1.940524935722351,ANOMALY
3558,1.9341355562210083,ANOMALY
3559,1.9288073778152466,ANOMALY
3560,1.9248645305633545,ANOMALY
3561,1.9244952201843262,ANOMALY
3562,1.924669623374939,ANOMALY
3563,1.9252794981002808,ANOMALY
3564,1.9262619018554688,ANOMALY
3565,1.9275784492492676,ANOMALY
3566,1.9292001724243164,ANOMALY
3567,1.93111252784729,ANOMALY
3568,1.9333298206329346,ANOMALY
3569,1.935957431793213,ANOMALY
3570,1.9393316507339478,ANOMALY
3571,1.9455357789993286,ANOMALY
3572,1.9518581628799438,ANOMALY
3573,1.9582823514938354,ANOMALY
3574,1.9647917747497559,ANOMALY
3575,1.9713702201843262,ANOMALY
3576,1.9779999256134033,ANOMALY
3577,1.984657883644104,ANOMALY
3578,1.9912976026535034,ANOMALY
3579,2.0060999393463135,ANOMALY
3580,2.0112924575805664,ANOMALY
3581,2.023085117340088,ANOMALY
3582,2.035881757736206,ANOMALY
3583,2.0456788539886475,ANOMALY
3584,2.05509877204895,ANOMALY
3585,2.0640861988067627,ANOMALY
3586,2.0725393295288086,ANOMALY
3587,2.080312490463257,ANOMALY
3588,2.0872550010681152,ANOMALY
3589,2.0932929515838623,ANOMALY
3590,2.0984256267547607,ANOMALY
3591,2.1026809215545654,ANOMALY
3592,2.1061830520629883,ANOMALY
3593,2.1090686321258545,ANOMALY
3594,2.1114721298217773,ANOMALY
3595,2.1134819984436035,ANOMALY
3596,2.1151201725006104,ANOMALY
3597,2.116304636001587,ANOMALY
3598,2.1167101860046387,ANOMALY
3599,2.1140973567962646,ANOMALY
3600,2.111321449279785,ANOMALY
3601,2.1084070205688477,ANOMALY
3602,2.1053733825683594,ANOMALY
3603,2.1022374629974365,ANOMALY
3604,2.0990123748779297,ANOMALY
3605,2.090106725692749,ANOMALY
3606,2.0817267894744873,ANOMALY
3607,2.073326826095581,ANOMALY
3608,2.064934730529785,ANOMALY
3609,2.0566282272338867,ANOMALY
3610,2.0484976768493652,ANOMALY
3611,2.0406389236450195,ANOMALY
3612,2.033165454864502,ANOMALY
3613,2.02622127532959,ANOMALY
3614,2.0199732780456543,ANOMALY
3615,2.0145413875579834,ANOMALY
3616,2.0099174976348877,ANOMALY
3617,2.0059890747070312,ANOMALY
3618,2.002607822418213,ANOMALY
3619,1.9996501207351685,ANOMALY
3620,1.9970428943634033,ANOMALY
3621,1.9947409629821777,ANOMALY
3622,1.9927111864089966,ANOMALY
3623,1.9909247159957886,ANOMALY
3624,1.9893577098846436,ANOMALY
3625,1.9879978895187378,ANOMALY
3626,1.9868594408035278,ANOMALY
3627,1.986027717590332,ANOMALY
3628,1.985755443572998,ANOMALY
3629,1.9879956245422363,ANOMALY
3630,1.988144874572754,ANOMALY
3631,1.991135835647583,ANOMALY
3632,1.9942007064819336,ANOMALY
3633,1.9973320960998535,ANOMALY
3634,2.0005228519439697,ANOMALY
3635,2.003767490386963,ANOMALY
3636,2.0070605278015137,ANOMALY
3637,2.0103964805603027,ANOMALY
3638,2.0137717723846436,ANOMALY
3639,2.0171821117401123,ANOMALY
3640,2.020622968673706,ANOMALY
3641,2.0325241088867188,ANOMALY
3642,2.0432889461517334,ANOMALY
3643,2.053650379180908,ANOMALY
3644,2.0636634826660156,ANOMALY
3645,2.073300361633301,ANOMALY
3646,2.0824995040893555,ANOMALY
3647,2.0911765098571777,ANOMALY
3648,2.0992064476013184,ANOMALY
3649,2.1064059734344482,ANOMALY
3650,2.1125707626342773,ANOMALY
3651,2.124032974243164,ANOMALY
3652,2.1271209716796875,ANOMALY
3653,2.135890245437622,ANOMALY
3654,2.1425323486328125,ANOMALY
3655,2.145494222640991,ANOMALY
3656,2.14766788482666,ANOMALY
3657,2.1490135192871094,ANOMALY
3658,2.1494293212890625,ANOMALY
3659,2.148822546005249,ANOMALY
3660,2.1471827030181885,ANOMALY
3661,2.1445398330688477,ANOMALY
3662,2.1409854888916016,ANOMALY
3663,2.1366844177246094,ANOMALY
3664,2.1317825317382812,ANOMALY
3665,2.126420021057129,ANOMALY
3666,2.1206979751586914,ANOMALY
3667,2.1107702255249023,ANOMALY
3668,2.1011087894439697,ANOMALY
3669,2.091282367706299,ANOMALY
3670,2.081348180770874,ANOMALY
3671,2.071424722671509,ANOMALY
3672,2.0616557598114014,ANOMALY
3673,2.0522055625915527,ANOMALY
3674,2.04325270652771,ANOMALY
3675,2.0303311347961426,ANOMALY
3676,2.018402338027954,ANOMALY
3677,2.0069639682769775,ANOMALY
3678,1.995983600616455,ANOMALY
3679,1.98545241355896,ANOMALY
3680,1.9753881692886353,ANOMALY
3681,1.9658520221710205,ANOMALY
3682,1.9569445848464966,ANOMALY
3683,1.9487963914871216,ANOMALY
3684,1.9415371417999268,ANOMALY
3685,1.9352184534072876,ANOMALY
3686,1.9297822713851929,ANOMALY
3687,1.9179424047470093,ANOMALY
3688,1.9147400856018066,ANOMALY
3689,1.9039661884307861,ANOMALY
3690,1.894745945930481,ANOMALY
3691,1.8887289762496948,ANOMALY
3692,1.883071780204773,ANOMALY
3693,1.8778170347213745,ANOMALY
3694,1.8730179071426392,ANOMALY
3695,1.8780285120010376,ANOMALY
3696,1.8828543424606323,ANOMALY
3697,1.888330101966858,ANOMALY
3698,1.8946267366409302,ANOMALY
3699,1.9018229246139526,ANOMALY
3700,1.9101258516311646,ANOMALY
3701,1.9212195873260498,ANOMALY
3702,1.9306302070617676,ANOMALY
3703,1.9427233934402466,ANOMALY
3704,1.9640027284622192,ANOMALY
3705,1.983244776725769,ANOMALY
3706,2.001060724258423,ANOMALY
3707,2.0176448822021484,ANOMALY
3708,2.0332272052764893,ANOMALY
3709,2.0479607582092285,ANOMALY
3710,2.061877489089966,ANOMALY
3711,2.0821688175201416,ANOMALY
3712,2.0999417304992676,ANOMALY
3713,2.1093902587890625,ANOMALY
3714,2.1244378089904785,ANOMALY
3715,2.136990547180176,ANOMALY
3716,2.1475822925567627,ANOMALY
3717,2.154258966445923,ANOMALY
3718,2.1597352027893066,ANOMALY
3719,2.163947105407715,ANOMALY
3720,2.166945457458496,ANOMALY
3721,2.1688895225524902,ANOMALY
3722,2.169856309890747,ANOMALY
3723,2.169827699661255,ANOMALY
3724,2.1685540676116943,ANOMALY
3725,2.1637372970581055,ANOMALY
3726,2.158444881439209,ANOMALY
3727,2.1527814865112305,ANOMALY
3728,2.1468141078948975,ANOMALY
3729,2.1405882835388184,ANOMALY
3730,2.134140729904175,ANOMALY
3731,2.1274991035461426,ANOMALY
3732,2.1168622970581055,ANOMALY
3733,2.106557846069336,ANOMALY
3734,2.0961203575134277,ANOMALY
3735,2.0854969024658203,ANOMALY
3736,2.074510335922241,ANOMALY
3737,2.060973644256592,ANOMALY
3738,2.0503809452056885,ANOMALY
3739,2.037203550338745,ANOMALY
3740,2.0247161388397217,ANOMALY
3741,2.012965679168701,ANOMALY
3742,2.0019266605377197,ANOMALY
3743,1.991605520248413,ANOMALY
3744,1.9822431802749634,ANOMALY
3745,1.971373438835144,ANOMALY
3746,1.961236596107483,ANOMALY
3747,1.951279878616333,ANOMALY
3748,1.9415194988250732,ANOMALY
3749,1.9320273399353027,ANOMALY
3750,1.9229012727737427,ANOMALY
3751,1.9142751693725586,ANOMALY
3752,1.9063938856124878,ANOMALY
3753,1.8997642993927002,ANOMALY
3754,1.8968827724456787,ANOMALY
3755,1.8948719501495361,ANOMALY
3756,1.8936859369277954,ANOMALY
3757,1.8932195901870728,ANOMALY
3758,1.8933749198913574,ANOMALY
3759,1.8941702842712402,ANOMALY
3760,1.8958771228790283,ANOMALY
3761,1.9080718755722046,ANOMALY
3762,1.9192184209823608,ANOMALY
3763,1.9281601905822754,ANOMALY
3764,1.9398219585418701,ANOMALY
3765,1.951369047164917,ANOMALY
3766,1.962693452835083,ANOMALY
3767,1.973667860031128,ANOMALY
3768,1.9841288328170776,ANOMALY
3769,1.993872880935669,ANOMALY
3770,2.0027174949645996,ANOMALY
3771,2.0106329917907715,ANOMALY
3772,2.0177488327026367,ANOMALY
3773,2.0242514610290527,ANOMALY
3774,2.0303092002868652,ANOMALY
3775,2.0360217094421387,ANOMALY
3776,2.0414414405822754,ANOMALY
3777,2.0466012954711914,ANOMALY
3778,2.0515196323394775,ANOMALY
3779,2.061786651611328,ANOMALY
3780,2.0708022117614746,ANOMALY
3781,2.078857660293579,ANOMALY
3782,2.078640937805176,ANOMALY
3783,2.0839033126831055,ANOMALY
3784,2.0880472660064697,ANOMALY
3785,2.0915138721466064,ANOMALY
3786,2.0895907878875732,ANOMALY
3787,2.0921661853790283,ANOMALY
3788,2.0889062881469727,ANOMALY
3789,2.0856640338897705,ANOMALY
3790,2.082091808319092,ANOMALY
3791,2.078270673751831,ANOMALY
3792,2.074261426925659,ANOMALY
3793,2.070080518722534,ANOMALY
3794,2.065507173538208,ANOMALY
3795,2.0582876205444336,ANOMALY
3796,2.0514886379241943,ANOMALY
3797,2.0451598167419434,ANOMALY
3798,2.039250373840332,ANOMALY
3799,2.0285985469818115,ANOMALY
3800,2.0186920166015625,ANOMALY
3801,2.0144176483154297,ANOMALY
3802,2.0042829513549805,ANOMALY
3803,1.9949328899383545,ANOMALY
3804,1.98587965965271,ANOMALY
3805,1.9771679639816284,ANOMALY
3806,1.968900442123413,ANOMALY
3807,1.9612221717834473,ANOMALY
3808,1.9542946815490723,ANOMALY
3809,1.9550000429153442,ANOMALY
3810,1.9495062828063965,ANOMALY
3811,1.954949140548706,ANOMALY
3812,1.9602073431015015,ANOMALY
3813,1.9658143520355225,ANOMALY
3814,1.9716726541519165,ANOMALY
3815,1.9775798320770264,ANOMALY
3816,1.983312726020813,ANOMALY
3817,1.9886590242385864,ANOMALY
3818,1.9934560060501099,ANOMALY
3819,1.9976327419281006,ANOMALY
3820,2.0011556148529053,ANOMALY
3821,2.004058599472046,ANOMALY
3822,2.012197256088257,ANOMALY
3823,2.0189168453216553,ANOMALY
3824,2.0250208377838135,ANOMALY
3825,2.030622959136963,ANOMALY
3826,2.035734176635742,ANOMALY
3827,2.0403876304626465,ANOMALY
3828,2.044806718826294,ANOMALY
3829,2.0511162281036377,ANOMALY
3830,2.056257724761963,ANOMALY
3831,2.060023784637451,ANOMALY
3832,2.0605978965759277,ANOMALY
3833,2.063363552093506,ANOMALY
3834,2.0655086040496826,ANOMALY
3835,2.06685733795166,ANOMALY
3836,2.0653798580169678,ANOMALY
3837,2.065990447998047,ANOMALY
3838,2.0634777545928955,ANOMALY
3839,2.0607731342315674,ANOMALY
3840,2.0579051971435547,ANOMALY
3841,2.0511388778686523,ANOMALY
3842,2.0485754013061523,ANOMALY
3843,2.0416207313537598,ANOMALY
3844,2.035087823867798,ANOMALY
3845,2.0285823345184326,ANOMALY
3846,2.0221402645111084,ANOMALY
3847,2.01577091217041,ANOMALY
3848,2.0092687606811523,ANOMALY
3849,2.0003769397735596,ANOMALY
3850,1.9924285411834717,ANOMALY
3851,1.9829111099243164,ANOMALY
3852,1.971327781677246,ANOMALY
3853,1.9652268886566162,ANOMALY
3854,1.9539408683776855,ANOMALY
3855,1.9436227083206177,ANOMALY
3856,1.9337852001190186,ANOMALY
3857,1.9245517253875732,ANOMALY
3858,1.9162920713424683,ANOMALY
3859,1.9112637042999268,ANOMALY
3860,1.9046021699905396,ANOMALY
3861,1.901624321937561,ANOMALY
3862,1.8993163108825684,ANOMALY
3863,1.8976343870162964,ANOMALY
3864,1.896572232246399,ANOMALY
3865,1.8961068391799927,ANOMALY
3866,1.89620041847229,ANOMALY
3867,1.8967809677124023,ANOMALY
3868,1.8977807760238647,ANOMALY
3869,1.8991856575012207,ANOMALY
3870,1.9010887145996094,ANOMALY
3871,1.9038201570510864,ANOMALY
3872,1.9094970226287842,ANOMALY
3873,1.9153622388839722,ANOMALY
3874,1.921392798423767,ANOMALY
3875,1.9275697469711304,ANOMALY
3876,1.9338750839233398,ANOMALY
3877,1.948325514793396,ANOMALY
3878,1.9617857933044434,ANOMALY
3879,1.974973440170288,ANOMALY
3880,1.9879220724105835,ANOMALY
3881,2.0005862712860107,ANOMALY
3882,2.012887954711914,ANOMALY
3883,2.0247275829315186,ANOMALY
3884,2.035964250564575,ANOMALY
3885,2.046407699584961,ANOMALY
3886,2.062281370162964,ANOMALY
3887,2.0697548389434814,ANOMALY
3888,2.082875967025757,ANOMALY
3889,2.094104528427124,ANOMALY
3890,2.1039867401123047,ANOMALY
3891,2.1054162979125977,ANOMALY
3892,2.1091055870056152,ANOMALY
3893,2.109412431716919,ANOMALY
3894,2.109004497528076,ANOMALY
3895,2.107902765274048,ANOMALY
3896,2.106207847595215,ANOMALY
3897,2.1040515899658203,ANOMALY
3898,2.101651906967163,ANOMALY
3899,2.0991835594177246,ANOMALY
3900,2.096525192260742,ANOMALY
3901,2.0914976596832275,ANOMALY
3902,2.087181806564331,ANOMALY
3903,2.085437297821045,ANOMALY
3904,2.0809338092803955,ANOMALY
3905,2.076525926589966,ANOMALY
3906,2.0721967220306396,ANOMALY
3907,2.067938804626465,ANOMALY
3908,2.063742160797119,ANOMALY
3909,2.0595972537994385,ANOMALY
3910,2.055493116378784,ANOMALY
3911,2.051422595977783,ANOMALY
3912,2.047377824783325,ANOMALY
3913,2.0433549880981445,ANOMALY
3914,2.0339722633361816,ANOMALY
3915,2.025160312652588,ANOMALY
3916,2.016368865966797,ANOMALY
3917,2.007622480392456,ANOMALY
3918,1.9989999532699585,ANOMALY
3919,1.9905941486358643,ANOMALY
3920,1.9825061559677124,ANOMALY
3921,1.974857211112976,ANOMALY
3922,1.9678025245666504,ANOMALY
3923,1.9615182876586914,ANOMALY
3924,1.956149935722351,ANOMALY
3925,1.9518028497695923,ANOMALY
3926,1.948722243309021,ANOMALY
3927,1.9490405321121216,ANOMALY
3928,1.949784517288208,ANOMALY
3929,1.950886845588684,ANOMALY
3930,1.9523075819015503,ANOMALY
3931,1.9540153741836548,ANOMALY
3932,1.9559894800186157,ANOMALY
3933,1.9582332372665405,ANOMALY
3934,1.9608231782913208,ANOMALY
3935,1.9640001058578491,ANOMALY
3936,1.9695852994918823,ANOMALY
3937,1.9731773138046265,ANOMALY
3938,1.9794238805770874,ANOMALY
3939,1.985532283782959,ANOMALY
3940,1.991135835647583,ANOMALY
3941,1.9942007064819336,ANOMALY
3942,1.9973320960998535,ANOMALY
3943,2.0005228519439697,ANOMALY
3944,2.003767490386963,ANOMALY
3945,2.0070605278015137,ANOMALY
3946,2.0103964805603027,ANOMALY
3947,2.0137717723846436,ANOMALY
3948,2.0171821117401123,ANOMALY
3949,2.0290398597717285,ANOMALY
3950,2.0397675037384033,ANOMALY
3951,2.0500974655151367,ANOMALY
3952,2.0600836277008057,ANOMALY
3953,2.0696985721588135,ANOMALY
3954,2.0788800716400146,ANOMALY
3955,2.0875439643859863,ANOMALY
3956,2.095564365386963,ANOMALY
3957,2.1027603149414062,ANOMALY
3958,2.108928918838501,ANOMALY
3959,2.1139862537384033,ANOMALY
3960,2.1180384159088135,ANOMALY
3961,2.1212570667266846,ANOMALY
3962,2.123720169067383,ANOMALY
3963,2.125201463699341,ANOMALY
3964,2.1235315799713135,ANOMALY
3965,2.1215591430664062,ANOMALY
3966,2.119328260421753,ANOMALY
3967,2.1168766021728516,ANOMALY
3968,2.1142385005950928,ANOMALY
3969,2.1114418506622314,ANOMALY
3970,2.1085097789764404,ANOMALY
3971,2.105461835861206,ANOMALY
3972,2.10231351852417,ANOMALY
3973,2.093454122543335,ANOMALY
3974,2.0851149559020996,ANOMALY
3975,2.076753616333008,ANOMALY
3976,2.0683956146240234,ANOMALY
3977,2.060119867324829,ANOMALY
3978,2.0520179271698,ANOMALY
3979,2.0441839694976807,ANOMALY
3980,2.0367319583892822,ANOMALY
3981,2.02980637550354,ANOMALY
3982,2.0235729217529297,ANOMALY
3983,2.018153667449951,ANOMALY
3984,2.0135419368743896,ANOMALY
3985,2.0096261501312256,ANOMALY
3986,2.006256580352783,ANOMALY
3987,2.0033090114593506,ANOMALY
3988,2.000708818435669,ANOMALY
3989,1.9984116554260254,ANOMALY
3990,1.9963825941085815,ANOMALY
3991,1.994590401649475,ANOMALY
3992,1.9930092096328735,ANOMALY
3993,1.9916168451309204,ANOMALY
3994,1.9903995990753174,ANOMALY
3995,1.989355206489563,ANOMALY
3996,1.9885139465332031,ANOMALY
3997,1.9879956245422363,ANOMALY
3998,1.988144874572754,ANOMALY
3999,1.991135835647583,ANOMALY
4000,1.9942007064819336,ANOMALY
4001,1.9973320960998535,ANOMALY
4002,2.0005228519439697,ANOMALY
4003,2.003767490386963,ANOMALY
4004,2.0070605278015137,ANOMALY
4005,2.0103964805603027,ANOMALY
4006,2.0137717723846436,ANOMALY
4007,2.0255813598632812,ANOMALY
4008,2.0362679958343506,ANOMALY
4009,2.0465614795684814,ANOMALY
4010,2.0565171241760254,ANOMALY
4011,2.066105604171753,ANOMALY
4012,2.075265884399414,ANOMALY
4013,2.083911895751953,ANOMALY
4014,2.0919179916381836,ANOMALY
4015,2.105905532836914,ANOMALY
4016,2.1174581050872803,ANOMALY
4017,2.1273107528686523,ANOMALY
4018,2.135751247406006,ANOMALY
4019,2.1430113315582275,ANOMALY
4020,2.1491851806640625,ANOMALY
4021,2.1541354656219482,ANOMALY
4022,2.157383441925049,ANOMALY
4023,2.1564459800720215,ANOMALY
4024,2.149812936782837,ANOMALY
4025,2.1428439617156982,ANOMALY
4026,2.135193109512329,ANOMALY
4027,2.127056360244751,ANOMALY
4028,2.11864972114563,ANOMALY
4029,2.1101632118225098,ANOMALY
4030,2.1017861366271973,ANOMALY
4031,2.0937252044677734,ANOMALY
4032,2.0861737728118896,ANOMALY
4033,2.079231023788452,ANOMALY
4034,2.067857265472412,ANOMALY
4035,2.057366132736206,ANOMALY
4036,2.047161102294922,ANOMALY
4037,2.037196159362793,ANOMALY
4038,2.0275075435638428,ANOMALY
4039,2.0181686878204346,ANOMALY
4040,2.009265184402466,ANOMALY
4041,2.000901222229004,ANOMALY
4042,1.9932094812393188,ANOMALY
4043,1.9863296747207642,ANOMALY
4044,1.9803361892700195,ANOMALY
4045,1.975184679031372,ANOMALY
4046,1.970749855041504,ANOMALY
4047,1.966886043548584,ANOMALY
4048,1.9634768962860107,ANOMALY
4049,1.9527796506881714,ANOMALY
4050,1.9429866075515747,ANOMALY
4051,1.9334663152694702,ANOMALY
4052,1.924229621887207,ANOMALY
4053,1.9153460264205933,ANOMALY
4054,1.9069197177886963,ANOMALY
4055,1.8991403579711914,ANOMALY
4056,1.8924074172973633,ANOMALY
4057,1.888900876045227,ANOMALY
4058,1.8859666585922241,ANOMALY
4059,1.8837183713912964,ANOMALY
4060,1.8928253650665283,ANOMALY
4061,1.9021319150924683,ANOMALY
4062,1.901689052581787,ANOMALY
4063,1.902955174446106,ANOMALY
4064,1.916471004486084,ANOMALY
4065,1.9318078756332397,ANOMALY
4066,1.9471001625061035,ANOMALY
4067,1.962333083152771,ANOMALY
4068,1.9774013757705688,ANOMALY
4069,1.9921411275863647,ANOMALY
4070,2.0063369274139404,ANOMALY
4071,2.0197558403015137,ANOMALY
4072,2.0322513580322266,ANOMALY
4073,2.0536131858825684,ANOMALY
4074,2.070692539215088,ANOMALY
4075,2.0863986015319824,ANOMALY
4076,2.1007049083709717,ANOMALY
4077,2.113774299621582,ANOMALY
4078,2.125808000564575,ANOMALY
4079,2.1368954181671143,ANOMALY
4080,2.1470062732696533,ANOMALY
4081,2.1633706092834473,ANOMALY
4082,2.1767563819885254,ANOMALY
4083,2.187523603439331,ANOMALY
4084,2.1938161849975586,ANOMALY
4085,2.1986472606658936,ANOMALY
4086,2.2022407054901123,ANOMALY
4087,2.2046451568603516,ANOMALY
4088,2.2057764530181885,ANOMALY
4089,2.2055203914642334,ANOMALY
4090,2.203892946243286,ANOMALY
4091,2.2010881900787354,ANOMALY
4092,2.1973586082458496,ANOMALY
4093,2.1929426193237305,ANOMALY
4094,2.187997341156006,ANOMALY
4095,2.1826062202453613,ANOMALY
4096,2.1767964363098145,ANOMALY
4097,2.1705009937286377,ANOMALY
4098,2.159459114074707,ANOMALY
4099,2.149611473083496,ANOMALY
4100,2.135126829147339,ANOMALY
4101,2.125056505203247,ANOMALY
4102,2.110459089279175,ANOMALY
4103,2.0964105129241943,ANOMALY
4104,2.0825536251068115,ANOMALY
4105,2.0689802169799805,ANOMALY
4106,2.0557875633239746,ANOMALY
4107,2.043051242828369,ANOMALY
4108,2.030909538269043,ANOMALY
4109,2.019719123840332,ANOMALY
4110,2.0119740962982178,ANOMALY
4111,1.999423623085022,ANOMALY
4112,1.9848178625106812,ANOMALY
4113,1.9711147546768188,ANOMALY
4114,1.9608300924301147,ANOMALY
4115,1.950870394706726,ANOMALY
4116,1.9412983655929565,ANOMALY
4117,1.932201862335205,ANOMALY
4118,1.923697829246521,ANOMALY
4119,1.915938377380371,ANOMALY
4120,1.9090991020202637,ANOMALY
4121,1.9033676385879517,ANOMALY
4122,1.8990511894226074,ANOMALY
4123,1.898356318473816,ANOMALY
4124,1.898229956626892,ANOMALY
4125,1.8985702991485596,ANOMALY
4126,1.8993192911148071,ANOMALY
4127,1.9004504680633545,ANOMALY
4128,1.901971459388733,ANOMALY
4129,1.9039801359176636,ANOMALY
4130,1.9068074226379395,ANOMALY
4131,1.9125653505325317,ANOMALY
4132,1.918500542640686,ANOMALY
4133,1.9245914220809937,ANOMALY
4134,1.930820107460022,ANOMALY
4135,1.9371699094772339,ANOMALY
4136,1.943626046180725,ANOMALY
4137,1.9501762390136719,ANOMALY
4138,1.9649347066879272,ANOMALY
4139,1.9786579608917236,ANOMALY
4140,1.9920674562454224,ANOMALY
4141,2.0052030086517334,ANOMALY
4142,2.0180208683013916,ANOMALY
4143,2.0304436683654785,ANOMALY
4144,2.0423660278320312,ANOMALY
4145,2.0536229610443115,ANOMALY
4146,2.0639309883117676,ANOMALY
4147,2.0728325843811035,ANOMALY
4148,2.0783889293670654,ANOMALY
4149,2.085286855697632,ANOMALY
4150,2.089123487472534,ANOMALY
4151,2.0945770740509033,ANOMALY
4152,2.096921682357788,ANOMALY
4153,2.098930597305298,ANOMALY
4154,2.100649118423462,ANOMALY
4155,2.1021132469177246,ANOMALY
4156,2.103350877761841,ANOMALY
4157,2.104379653930664,ANOMALY
4158,2.1051836013793945,ANOMALY
4159,2.1056597232818604,ANOMALY
4160,2.105461835861206,ANOMALY
4161,2.10231351852417,ANOMALY
4162,2.0990781784057617,ANOMALY
4163,2.0957677364349365,ANOMALY
4164,2.092391014099121,ANOMALY
4165,2.088956594467163,ANOMALY
4166,2.0854711532592773,ANOMALY
4167,2.0819404125213623,ANOMALY
4168,2.0783698558807373,ANOMALY
4169,2.0747628211975098,ANOMALY
4170,2.0711236000061035,ANOMALY
4171,2.0674550533294678,ANOMALY
4172,2.0637598037719727,ANOMALY
4173,2.0600409507751465,ANOMALY
4174,2.056300163269043,ANOMALY
4175,2.0525403022766113,ANOMALY
4176,2.0487635135650635,ANOMALY
4177,2.0449724197387695,ANOMALY
4178,2.0411696434020996,ANOMALY
4179,2.0373570919036865,ANOMALY
4180,2.028125524520874,ANOMALY
4181,2.0194597244262695,ANOMALY
4182,2.010814905166626,ANOMALY
4183,2.0022244453430176,ANOMALY
4184,1.9937827587127686,ANOMALY
4185,1.9856255054473877,ANOMALY
4186,1.9779837131500244,ANOMALY
4187,1.9713389873504639,ANOMALY
4188,1.968146562576294,ANOMALY
4189,1.965670108795166,ANOMALY
4190,1.964011788368225,ANOMALY
4191,1.963147759437561,ANOMALY
4192,1.9629629850387573,ANOMALY
4193,1.963314175605774,ANOMALY
4194,1.964083194732666,ANOMALY
4195,1.965200662612915,ANOMALY
4196,1.966620683670044,ANOMALY
4197,1.9683080911636353,ANOMALY
4198,1.9702304601669312,ANOMALY
4199,1.9723563194274902,ANOMALY
4200,1.9746596813201904,ANOMALY
4201,1.9771174192428589,ANOMALY
4202,1.987788200378418,ANOMALY
4203,1.997483491897583,ANOMALY
4204,2.0069143772125244,ANOMALY
4205,2.0161147117614746,ANOMALY
4206,2.025036573410034,ANOMALY
4207,2.0336036682128906,ANOMALY
4208,2.0417165756225586,ANOMALY
4209,2.0492355823516846,ANOMALY
4210,2.062603235244751,ANOMALY
4211,2.0736167430877686,ANOMALY
4212,2.083038330078125,ANOMALY
4213,2.0911521911621094,ANOMALY
4214,2.0981850624084473,ANOMALY
4215,2.1042447090148926,ANOMALY
4216,2.1092982292175293,ANOMALY
4217,2.1132211685180664,ANOMALY
4218,2.115903377532959,ANOMALY
4219,2.1173856258392334,ANOMALY
4220,2.117851972579956,ANOMALY
4221,2.1175272464752197,ANOMALY
4222,2.1166176795959473,ANOMALY
4223,2.1152596473693848,ANOMALY
4224,2.113528251647949,ANOMALY
4225,2.1114723682403564,ANOMALY
4226,2.1052474975585938,ANOMALY
4227,2.0992302894592285,ANOMALY
4228,2.0928690433502197,ANOMALY
4229,2.0858497619628906,ANOMALY
4230,2.0758583545684814,ANOMALY
4231,2.0660343170166016,ANOMALY
4232,2.0565390586853027,ANOMALY
4233,2.0475497245788574,ANOMALY
4234,2.0392136573791504,ANOMALY
4235,2.031574010848999,ANOMALY
4236,2.0245718955993652,ANOMALY
4237,2.0131936073303223,ANOMALY
4238,2.002638816833496,ANOMALY
4239,1.9923170804977417,ANOMALY
4240,1.982218623161316,ANOMALY
4241,1.9724035263061523,ANOMALY
4242,1.9629517793655396,ANOMALY
4243,1.9539529085159302,ANOMALY
4244,1.9455162286758423,ANOMALY
4245,1.9377766847610474,ANOMALY
4246,1.9308727979660034,ANOMALY
4247,1.9248734712600708,ANOMALY
4248,1.9197404384613037,ANOMALY
4249,1.9153944253921509,ANOMALY
4250,1.9118261337280273,ANOMALY
4251,1.9092921018600464,ANOMALY
4252,1.9024685621261597,ANOMALY
4253,1.8965387344360352,ANOMALY
4254,1.890869140625,ANOMALY
4255,1.885472059249878,ANOMALY
4256,1.8804186582565308,ANOMALY
4257,1.875813603401184,ANOMALY
4258,1.8718459606170654,ANOMALY
4259,1.8689159154891968,ANOMALY
4260,1.8690861463546753,ANOMALY
4261,1.8797038793563843,ANOMALY
4262,1.8902003765106201,ANOMALY
4263,1.9014755487442017,ANOMALY
4264,1.913641333580017,ANOMALY
4265,1.926519513130188,ANOMALY
4266,1.9398313760757446,ANOMALY
4267,1.9533302783966064,ANOMALY
4268,1.9668382406234741,ANOMALY
4269,1.9801931381225586,ANOMALY
4270,2.0029804706573486,ANOMALY
4271,2.0235331058502197,ANOMALY
4272,2.042414665222168,ANOMALY
4273,2.0597639083862305,ANOMALY
4274,2.075716972351074,ANOMALY
4275,2.0901269912719727,ANOMALY
4276,2.1010828018188477,ANOMALY
4277,2.1110928058624268,ANOMALY
4278,2.120042324066162,ANOMALY
4279,2.1277594566345215,ANOMALY
4280,2.1341500282287598,ANOMALY
4281,2.145866632461548,ANOMALY
4282,2.1553735733032227,ANOMALY
4283,2.1636955738067627,ANOMALY
4284,2.171046018600464,ANOMALY
4285,2.177370309829712,ANOMALY
4286,2.1822903156280518,ANOMALY
4287,2.1834239959716797,ANOMALY
4288,2.1834609508514404,ANOMALY
4289,2.1822736263275146,ANOMALY
4290,2.1798839569091797,ANOMALY
4291,2.17646861076355,ANOMALY
4292,2.1722536087036133,ANOMALY
4293,2.1674513816833496,ANOMALY
4294,2.162201166152954,ANOMALY
4295,2.156580686569214,ANOMALY
4296,2.1506412029266357,ANOMALY
4297,2.1444191932678223,ANOMALY
4298,2.1379425525665283,ANOMALY
4299,2.1312074661254883,ANOMALY
4300,2.1241257190704346,ANOMALY
4301,2.1163527965545654,ANOMALY
4302,2.1053061485290527,ANOMALY
4303,2.0903587341308594,ANOMALY
4304,2.075812578201294,ANOMALY
4305,2.0612294673919678,ANOMALY
4306,2.046657085418701,ANOMALY
4307,2.0322153568267822,ANOMALY
4308,2.0180792808532715,ANOMALY
4309,2.0045289993286133,ANOMALY
4310,1.9921045303344727,ANOMALY
4311,1.9835381507873535,ANOMALY
4312,1.9756865501403809,ANOMALY
4313,1.9684847593307495,ANOMALY
4314,1.961820363998413,ANOMALY
4315,1.9555718898773193,ANOMALY
4316,1.9447418451309204,ANOMALY
4317,1.9347200393676758,ANOMALY
4318,1.9250805377960205,ANOMALY
4319,1.9162068367004395,ANOMALY
4320,1.9105736017227173,ANOMALY
4321,1.905269742012024,ANOMALY
4322,1.9003864526748657,ANOMALY
4323,1.8960362672805786,ANOMALY
4324,1.8923588991165161,ANOMALY
4325,1.8894940614700317,ANOMALY
4326,1.887510061264038,ANOMALY
4327,1.8863701820373535,ANOMALY
4328,1.885999321937561,ANOMALY
4329,1.8863900899887085,ANOMALY
4330,1.887802243232727,ANOMALY
4331,1.8923449516296387,ANOMALY
4332,1.897212266921997,ANOMALY
4333,1.9023693799972534,ANOMALY
4334,1.9077807664871216,ANOMALY
4335,1.9134154319763184,ANOMALY
4336,1.927069902420044,ANOMALY
4337,1.9321943521499634,ANOMALY
4338,1.9381436109542847,ANOMALY
4339,1.9442362785339355,ANOMALY
4340,1.9503942728042603,ANOMALY
4341,1.9565850496292114,ANOMALY
4342,1.9707211256027222,ANOMALY
4343,1.983742356300354,ANOMALY
4344,1.996308445930481,ANOMALY
4345,2.0084097385406494,ANOMALY
4346,2.0200765132904053,ANOMALY
4347,2.0314340591430664,ANOMALY
4348,2.0424976348876953,ANOMALY
4349,2.0531249046325684,ANOMALY
4350,2.0630226135253906,ANOMALY
4351,2.071815252304077,ANOMALY
4352,2.085305690765381,ANOMALY
4353,2.094028949737549,ANOMALY
4354,2.096015691757202,ANOMALY
4355,2.1037588119506836,ANOMALY
4356,2.104738712310791,ANOMALY
4357,2.1058363914489746,ANOMALY
4358,2.106445550918579,ANOMALY
4359,2.1064746379852295,ANOMALY
4360,2.1058719158172607,ANOMALY
4361,2.104688882827759,ANOMALY
4362,2.1031136512756348,ANOMALY
4363,2.1013524532318115,ANOMALY
4364,2.0994913578033447,ANOMALY
4365,2.097325563430786,ANOMALY
4366,2.092550754547119,ANOMALY
4367,2.0880064964294434,ANOMALY
4368,2.083627462387085,ANOMALY
4369,2.0793471336364746,ANOMALY
4370,2.0751326084136963,ANOMALY
4371,2.0709714889526367,ANOMALY
4372,2.0668575763702393,ANOMALY
4373,2.062784194946289,ANOMALY
4374,2.058743715286255,ANOMALY
4375,2.0547308921813965,ANOMALY
4376,2.050739288330078,ANOMALY
4377,2.0467638969421387,ANOMALY
4378,2.0428028106689453,ANOMALY
4379,2.038853406906128,ANOMALY
4380,2.0349152088165283,ANOMALY
4381,2.0309898853302,ANOMALY
4382,2.0270845890045166,ANOMALY
4383,2.0232250690460205,ANOMALY
4384,2.0194973945617676,ANOMALY
4385,2.0161452293395996,ANOMALY
4386,2.0151946544647217,ANOMALY
4387,2.011310338973999,ANOMALY
4388,2.007458448410034,ANOMALY
4389,2.0036792755126953,ANOMALY
4390,2.000100612640381,ANOMALY
4391,1.9970895051956177,ANOMALY
4392,1.997056007385254,ANOMALY
4393,1.997029423713684,ANOMALY
4394,1.9970098733901978,ANOMALY
4395,1.996999979019165,ANOMALY
4396,1.99700129032135,ANOMALY
4397,1.9970178604125977,ANOMALY
4398,1.9970616102218628,ANOMALY
4399,1.9971668720245361,ANOMALY
4400,1.9974480867385864,ANOMALY
4401,1.9982402324676514,ANOMALY
4402,2.001701593399048,ANOMALY
4403,2.0047202110290527,ANOMALY
4404,2.0052857398986816,ANOMALY
4405,2.0081043243408203,ANOMALY
4406,2.0081043243408203,ANOMALY
4407,2.0081043243408203,ANOMALY
4408,2.0081043243408203,ANOMALY
4409,2.0081043243408203,ANOMALY
4410,2.0081043243408203,ANOMALY
4411,2.0081043243408203,ANOMALY
4412,2.0081043243408203,ANOMALY
4413,2.0081043243408203,ANOMALY
4414,2.0081043243408203,ANOMALY
4415,2.0081043243408203,ANOMALY
4416,2.0081043243408203,ANOMALY
4417,2.0081043243408203,ANOMALY
4418,2.0081043243408203,ANOMALY
4419,2.0081043243408203,ANOMALY
4420,2.0081043243408203,ANOMALY
4421,2.0081043243408203,ANOMALY
4422,2.0081043243408203,ANOMALY
4423,2.0081043243408203,ANOMALY
4424,2.0081043243408203,ANOMALY
4425,2.0081043243408203,ANOMALY
4426,2.0081043243408203,ANOMALY
4427,2.0081043243408203,ANOMALY
4428,2.0081043243408203,ANOMALY
4429,2.0081043243408203,ANOMALY
4430,2.0081043243408203,ANOMALY
4431,2.0081043243408203,ANOMALY
4432,2.0081043243408203,ANOMALY
4433,2.0081043243408203,ANOMALY
4434,2.0081043243408203,ANOMALY
4435,2.0081043243408203,ANOMALY
4436,2.0081043243408203,ANOMALY
4437,2.0081043243408203,ANOMALY
4438,2.0081043243408203,ANOMALY
4439,2.0081043243408203,ANOMALY
4440,2.0081043243408203,ANOMALY
4441,2.0081043243408203,ANOMALY
4442,2.0081043243408203,ANOMALY
4443,2.0081043243408203,ANOMALY
4444,2.0081043243408203,ANOMALY
4445,2.0081043243408203,ANOMALY
4446,2.0081043243408203,ANOMALY
4447,2.0081043243408203,ANOMALY
4448,2.0081043243408203,ANOMALY
4449,2.0081043243408203,ANOMALY
4450,2.0081043243408203,ANOMALY
4451,2.0081043243408203,ANOMALY
4452,2.0081043243408203,ANOMALY
4453,2.0081043243408203,ANOMALY
4454,2.0081043243408203,ANOMALY
4455,2.0027456283569336,ANOMALY
4456,1.997941255569458,ANOMALY
4457,1.9931423664093018,ANOMALY
4458,1.988373875617981,ANOMALY
4459,1.9837135076522827,ANOMALY
4460,1.9792523384094238,ANOMALY
4461,1.975089430809021,ANOMALY
4462,1.9713389873504639,ANOMALY
4463,1.968146562576294,ANOMALY
4464,1.965670108795166,ANOMALY
4465,1.964011788368225,ANOMALY
4466,1.963147759437561,ANOMALY
4467,1.9629629850387573,ANOMALY
4468,1.963314175605774,ANOMALY
4469,1.964083194732666,ANOMALY
4470,1.965200662612915,ANOMALY
4471,1.966620683670044,ANOMALY
4472,1.9683080911636353,ANOMALY
4473,1.9702304601669312,ANOMALY
4474,1.9723563194274902,ANOMALY
4475,1.9746596813201904,ANOMALY
4476,1.9771174192428589,ANOMALY
4477,1.979709506034851,ANOMALY
4478,1.9824202060699463,ANOMALY
4479,1.985236406326294,ANOMALY
4480,1.988144874572754,ANOMALY
4481,1.991135835647583,ANOMALY
4482,1.9942007064819336,ANOMALY
4483,1.9973320960998535,ANOMALY
4484,2.0005228519439697,ANOMALY
4485,2.012089729309082,ANOMALY
4486,2.022561550140381,ANOMALY
4487,2.032668113708496,ANOMALY
4488,2.0424602031707764,ANOMALY
4489,2.0519051551818848,ANOMALY
4490,2.060939073562622,ANOMALY
4491,2.0694737434387207,ANOMALY
4492,2.0773818492889404,ANOMALY
4493,2.084479808807373,ANOMALY
4494,2.0905706882476807,ANOMALY
4495,2.0955848693847656,ANOMALY
4496,2.099647045135498,ANOMALY
4497,2.1029651165008545,ANOMALY
4498,2.1057379245758057,ANOMALY
4499,2.1080892086029053,ANOMALY
4500,2.110083818435669,ANOMALY
4501,2.111755609512329,ANOMALY
4502,2.1131057739257812,ANOMALY
4503,2.1140432357788086,ANOMALY
4504,2.1142385005950928,ANOMALY
4505,2.1114418506622314,ANOMALY
4506,2.1085097789764404,ANOMALY
4507,2.105461835861206,ANOMALY
4508,2.10231351852417,ANOMALY
4509,2.0990781784057617,ANOMALY
4510,2.0957677364349365,ANOMALY
4511,2.092391014099121,ANOMALY
4512,2.088956594467163,ANOMALY
4513,2.0854711532592773,ANOMALY
4514,2.0819404125213623,ANOMALY
4515,2.0783698558807373,ANOMALY
4516,2.0747628211975098,ANOMALY
4517,2.0711236000061035,ANOMALY
4518,2.0674550533294678,ANOMALY
4519,2.0637598037719727,ANOMALY
4520,2.0600409507751465,ANOMALY
4521,2.056300163269043,ANOMALY
4522,2.0525403022766113,ANOMALY
4523,2.0487635135650635,ANOMALY
4524,2.0449724197387695,ANOMALY
4525,2.0411696434020996,ANOMALY
4526,2.0373570919036865,ANOMALY
4527,2.028125524520874,ANOMALY
4528,2.025033473968506,ANOMALY
4529,2.0213587284088135,ANOMALY
4530,2.0177018642425537,ANOMALY
4531,2.008617639541626,ANOMALY
4532,2.0002810955047607,ANOMALY
4533,1.9922794103622437,ANOMALY
4534,1.9850250482559204,ANOMALY
4535,1.9871268272399902,ANOMALY
4536,1.9827783107757568,ANOMALY
4537,1.9856675863265991,ANOMALY
4538,1.988216757774353,ANOMALY
4539,1.9848490953445435,ANOMALY
4540,1.9825778007507324,ANOMALY
4541,1.9808356761932373,ANOMALY
4542,1.9795167446136475,ANOMALY
4543,1.9784644842147827,ANOMALY
4544,1.977506160736084,ANOMALY
4545,1.9765499830245972,ANOMALY
4546,1.9827206134796143,ANOMALY
4547,1.9881035089492798,ANOMALY
4548,1.9936481714248657,ANOMALY
4549,1.9995777606964111,ANOMALY
4550,1.9990105628967285,ANOMALY
4551,1.9993813037872314,ANOMALY
4552,1.999862551689148,ANOMALY
4553,2.00740909576416,ANOMALY
4554,2.0067896842956543,ANOMALY
4555,2.013472080230713,ANOMALY
4556,2.018787384033203,ANOMALY
4557,2.0235626697540283,ANOMALY
4558,2.0281660556793213,ANOMALY
4559,2.032902240753174,ANOMALY
4560,2.031327962875366,ANOMALY
4561,2.030492067337036,ANOMALY
4562,2.0295674800872803,ANOMALY
4563,2.0283782482147217,ANOMALY
4564,2.026888847351074,ANOMALY
4565,2.0251245498657227,ANOMALY
4566,2.0231945514678955,ANOMALY
4567,2.0212650299072266,ANOMALY
4568,2.0195460319519043,ANOMALY
4569,2.0182793140411377,ANOMALY
4570,2.0176546573638916,ANOMALY
4571,2.0177178382873535,ANOMALY
4572,2.0183775424957275,ANOMALY
4573,2.0194835662841797,ANOMALY
4574,2.020880699157715,ANOMALY
4575,2.02240252494812,ANOMALY
4576,2.023780107498169,ANOMALY
4577,2.0231826305389404,ANOMALY
4578,2.0253942012786865,ANOMALY
4579,2.027545690536499,ANOMALY
4580,2.029266119003296,ANOMALY
4581,2.0284364223480225,ANOMALY
4582,2.0277624130249023,ANOMALY
4583,2.027331590652466,ANOMALY
4584,2.027390718460083,ANOMALY
4585,2.02980899810791,ANOMALY
4586,2.030092239379883,ANOMALY
4587,2.0328879356384277,ANOMALY
4588,2.0351603031158447,ANOMALY
4589,2.034818172454834,ANOMALY
4590,2.034524917602539,ANOMALY
4591,2.034285306930542,ANOMALY
4592,2.034111261367798,ANOMALY
4593,2.034043550491333,ANOMALY
4594,2.0342094898223877,ANOMALY
4595,2.034952163696289,ANOMALY
4596,2.03835129737854,ANOMALY
4597,2.0416910648345947,ANOMALY
4598,2.044842481613159,ANOMALY
4599,2.04746675491333,ANOMALY
4600,2.04753041267395,ANOMALY
4601,2.047774314880371,ANOMALY
4602,2.0484578609466553,ANOMALY
4603,2.0514278411865234,ANOMALY
4604,2.05232572555542,ANOMALY
4605,2.0558340549468994,ANOMALY
4606,2.0592992305755615,ANOMALY
4607,2.0626747608184814,ANOMALY
4608,2.0658273696899414,ANOMALY
4609,2.068406105041504,ANOMALY
4610,2.068406105041504,ANOMALY
4611,2.068406105041504,ANOMALY
4612,2.068406105041504,ANOMALY
4613,2.068406105041504,ANOMALY
4614,2.068406105041504,ANOMALY
4615,2.068406105041504,ANOMALY
4616,2.068406105041504,ANOMALY
4617,2.068406105041504,ANOMALY
4618,2.068406105041504,ANOMALY
4619,2.068406105041504,ANOMALY
4620,2.068406105041504,ANOMALY
4621,2.068406105041504,ANOMALY
4622,2.068406105041504,ANOMALY
4623,2.068406105041504,ANOMALY
4624,2.068406105041504,ANOMALY
4625,2.068406105041504,ANOMALY
4626,2.068406105041504,ANOMALY
4627,2.068406105041504,ANOMALY
4628,2.068406105041504,ANOMALY
4629,2.068406105041504,ANOMALY
4630,2.068406105041504,ANOMALY
4631,2.068406105041504,ANOMALY
4632,2.068406105041504,ANOMALY
4633,2.068406105041504,ANOMALY
4634,2.068406105041504,ANOMALY
4635,2.068406105041504,ANOMALY
4636,2.068406105041504,ANOMALY
4637,2.068406105041504,ANOMALY
4638,2.068406105041504,ANOMALY
4639,2.068406105041504,ANOMALY
4640,2.068406105041504,ANOMALY
4641,2.068406105041504,ANOMALY
4642,2.068406105041504,ANOMALY
4643,2.068406105041504,ANOMALY
4644,2.068406105041504,ANOMALY
4645,2.068406105041504,ANOMALY
4646,2.068406105041504,ANOMALY
4647,2.068406105041504,ANOMALY
4648,2.068406105041504,ANOMALY
4649,2.068406105041504,ANOMALY
4650,2.068406105041504,ANOMALY
4651,2.068406105041504,ANOMALY
4652,2.068406105041504,ANOMALY
4653,2.068406105041504,ANOMALY
4654,2.068406105041504,ANOMALY
4655,2.068406105041504,ANOMALY
4656,2.068406105041504,ANOMALY
4657,2.068406105041504,ANOMALY
4658,2.068406105041504,ANOMALY
4659,2.068406105041504,ANOMALY
4660,2.068406105041504,ANOMALY
4661,2.068406105041504,ANOMALY
4662,2.0596582889556885,ANOMALY
4663,2.0606493949890137,ANOMALY
4664,2.0519862174987793,ANOMALY
4665,2.044076919555664,ANOMALY
4666,2.0363478660583496,ANOMALY
4667,2.0384256839752197,ANOMALY
4668,2.0302681922912598,ANOMALY
4669,2.023033380508423,ANOMALY
4670,2.01615834236145,ANOMALY
4671,2.0096495151519775,ANOMALY
4672,2.0139801502227783,ANOMALY
4673,2.0076143741607666,ANOMALY
4674,2.002558708190918,ANOMALY
4675,2.0091164112091064,ANOMALY
4676,2.0045342445373535,ANOMALY
4677,2.0122809410095215,ANOMALY
4678,2.01947021484375,ANOMALY
4679,2.026578903198242,ANOMALY
4680,2.033724308013916,ANOMALY
4681,2.0409421920776367,ANOMALY
4682,2.048069953918457,ANOMALY
4683,2.0548653602600098,ANOMALY
4684,2.061234474182129,ANOMALY
4685,2.067223072052002,ANOMALY
4686,2.072756767272949,ANOMALY
4687,2.0677154064178467,ANOMALY
4688,2.0732407569885254,ANOMALY
4689,2.067378282546997,ANOMALY
4690,2.071946144104004,ANOMALY
4691,2.0653581619262695,ANOMALY
4692,2.069411516189575,ANOMALY
4693,2.062547206878662,ANOMALY
4694,2.056398868560791,ANOMALY
4695,2.050412178039551,ANOMALY
4696,2.0446114540100098,ANOMALY
4697,2.049734354019165,ANOMALY
4698,2.0543274879455566,ANOMALY
4699,2.048609733581543,ANOMALY
4700,2.054868221282959,ANOMALY
4701,2.0498900413513184,ANOMALY
4702,2.0458829402923584,ANOMALY
4703,2.0533275604248047,ANOMALY
4704,2.049053907394409,ANOMALY
4705,2.0458126068115234,ANOMALY
4706,2.0430469512939453,ANOMALY
4707,2.040619134902954,ANOMALY
4708,2.038332939147949,ANOMALY
4709,2.0359461307525635,ANOMALY
4710,2.0332465171813965,ANOMALY
4711,2.030102014541626,ANOMALY
4712,2.0252833366394043,ANOMALY
4713,2.0224366188049316,ANOMALY
4714,2.0178537368774414,ANOMALY
4715,2.0137827396392822,ANOMALY
4716,2.0103368759155273,ANOMALY
4717,2.008845329284668,ANOMALY
4718,2.005685329437256,ANOMALY
4719,2.003049373626709,ANOMALY
4720,2.000952959060669,ANOMALY
4721,1.9995030164718628,ANOMALY
4722,1.9999445676803589,ANOMALY
4723,1.9986491203308105,ANOMALY
4724,1.9979429244995117,ANOMALY
4725,1.9991881847381592,ANOMALY
4726,1.9990118741989136,ANOMALY
4727,2.0010454654693604,ANOMALY
4728,2.0031654834747314,ANOMALY
4729,2.0053584575653076,ANOMALY
4730,2.0076088905334473,ANOMALY
4731,2.023247718811035,ANOMALY
4732,2.0244290828704834,ANOMALY
4733,2.0262627601623535,ANOMALY
4734,2.0281364917755127,ANOMALY
4735,2.029871702194214,ANOMALY
4736,2.031229019165039,ANOMALY
4737,2.0311107635498047,ANOMALY
4738,2.0324742794036865,ANOMALY
4739,2.0323870182037354,ANOMALY
4740,2.033729076385498,ANOMALY
4741,2.0335817337036133,ANOMALY
4742,2.034656524658203,ANOMALY
4743,2.0338869094848633,ANOMALY
4744,2.0330028533935547,ANOMALY
4745,2.032128095626831,ANOMALY
4746,2.031736373901367,ANOMALY
4747,2.0331389904022217,ANOMALY
4748,2.0343480110168457,ANOMALY
4749,2.0343332290649414,ANOMALY
4750,2.0356006622314453,ANOMALY
4751,2.0354127883911133,ANOMALY
4752,2.035576820373535,ANOMALY
4753,2.036879777908325,ANOMALY
4754,2.036616802215576,ANOMALY
4755,2.0363850593566895,ANOMALY
4756,2.0361788272857666,ANOMALY
4757,2.035994052886963,ANOMALY
4758,2.0219736099243164,ANOMALY
4759,2.008873462677002,ANOMALY
4760,2.010512113571167,ANOMALY
4761,2.0114645957946777,ANOMALY
4762,2.0123119354248047,ANOMALY
4763,2.0131609439849854,ANOMALY
4764,1.9997693300247192,ANOMALY
4765,2.001863479614258,ANOMALY
4766,2.0033812522888184,ANOMALY
4767,2.0048089027404785,ANOMALY
4768,2.006239175796509,ANOMALY
4769,2.0077366828918457,ANOMALY
4770,2.0093820095062256,ANOMALY
4771,2.011305570602417,ANOMALY
4772,2.0136566162109375,ANOMALY
4773,2.0164072513580322,ANOMALY
4774,2.0191919803619385,ANOMALY
4775,2.0216472148895264,ANOMALY
4776,2.023764133453369,ANOMALY
4777,2.025765895843506,ANOMALY
4778,2.0278637409210205,ANOMALY
4779,2.030069351196289,ANOMALY
4780,2.032306432723999,ANOMALY
4781,2.0351521968841553,ANOMALY
4782,2.036285638809204,ANOMALY
4783,2.0372416973114014,ANOMALY
4784,2.038071632385254,ANOMALY
4785,2.0388002395629883,ANOMALY
4786,2.0394439697265625,ANOMALY
4787,2.0400161743164062,ANOMALY
4788,2.0405282974243164,ANOMALY
4789,2.040989637374878,ANOMALY
4790,2.027316093444824,ANOMALY
4791,2.0145280361175537,ANOMALY
4792,2.002082109451294,ANOMALY
4793,1.9899243116378784,ANOMALY
4794,1.9780631065368652,ANOMALY
4795,1.9665238857269287,ANOMALY
4796,1.9707107543945312,ANOMALY
4797,1.9588814973831177,ANOMALY
4798,1.9479057788848877,ANOMALY
4799,1.9373753070831299,ANOMALY
4800,1.9272129535675049,ANOMALY
4801,1.9173883199691772,ANOMALY
4802,1.9078984260559082,ANOMALY
4803,1.8987624645233154,ANOMALY
4804,1.890018343925476,ANOMALY
4805,1.8817259073257446,ANOMALY
4806,1.8739428520202637,ANOMALY
4807,1.8666595220565796,ANOMALY
4808,1.8598048686981201,ANOMALY
4809,1.854270577430725,ANOMALY
4810,1.8500863313674927,ANOMALY
4811,1.8462648391723633,ANOMALY
4812,1.8425898551940918,ANOMALY
4813,1.8388190269470215,ANOMALY
4814,1.8350862264633179,ANOMALY
4815,1.832184910774231,ANOMALY
4816,1.8296951055526733,ANOMALY
4817,1.8463963270187378,ANOMALY
4818,1.8436082601547241,ANOMALY
4819,1.8413939476013184,ANOMALY
4820,1.8394981622695923,ANOMALY
4821,1.8378098011016846,ANOMALY
4822,1.8553292751312256,ANOMALY
4823,1.8528921604156494,ANOMALY
4824,1.8508861064910889,ANOMALY
4825,1.8490970134735107,ANOMALY
4826,1.8474279642105103,ANOMALY
4827,1.8458255529403687,ANOMALY
4828,1.8635731935501099,ANOMALY
4829,1.8801876306533813,ANOMALY
4830,1.895985722541809,ANOMALY
4831,1.8922725915908813,ANOMALY
4832,1.9079160690307617,ANOMALY
4833,1.9037163257598877,ANOMALY
4834,1.9184091091156006,ANOMALY
4835,1.9131791591644287,ANOMALY
4836,1.9081432819366455,ANOMALY
4837,1.9031928777694702,ANOMALY
4838,1.8981642723083496,ANOMALY
4839,1.8927630186080933,ANOMALY
4840,1.9079010486602783,ANOMALY
4841,1.9029771089553833,ANOMALY
4842,1.8985910415649414,ANOMALY
4843,1.8946515321731567,ANOMALY
4844,1.890978217124939,ANOMALY
4845,1.8873772621154785,ANOMALY
4846,1.8815876245498657,ANOMALY
4847,1.8768255710601807,ANOMALY
4848,1.871636152267456,ANOMALY
4849,1.8663750886917114,ANOMALY
4850,1.8613377809524536,ANOMALY
4851,1.8565571308135986,ANOMALY
4852,1.8520324230194092,ANOMALY
4853,1.8478100299835205,ANOMALY
4854,1.8631706237792969,ANOMALY
4855,1.8590410947799683,ANOMALY
4856,1.8747038841247559,ANOMALY
4857,1.8705153465270996,ANOMALY
4858,1.8666355609893799,ANOMALY
4859,1.8628889322280884,ANOMALY
4860,1.8594279289245605,ANOMALY
4861,1.8755792379379272,ANOMALY
4862,1.871877908706665,ANOMALY
4863,1.8687071800231934,ANOMALY
4864,1.8658925294876099,ANOMALY
4865,1.8633842468261719,ANOMALY
4866,1.8612074851989746,ANOMALY
4867,1.8576754331588745,ANOMALY
4868,1.855423927307129,ANOMALY
4869,1.8532819747924805,ANOMALY
4870,1.8512531518936157,ANOMALY
4871,1.8493238687515259,ANOMALY
4872,1.8457140922546387,ANOMALY
4873,1.842991828918457,ANOMALY
4874,1.8401119709014893,ANOMALY
4875,1.8373172283172607,ANOMALY
4876,1.8349063396453857,ANOMALY
4877,1.8331763744354248,ANOMALY
4878,1.8304452896118164,ANOMALY
4879,1.8275117874145508,ANOMALY
4880,1.8241485357284546,ANOMALY
4881,1.8224848508834839,ANOMALY
4882,1.8191701173782349,ANOMALY
4883,1.818030834197998,ANOMALY
4884,1.8149751424789429,ANOMALY
4885,1.814001202583313,ANOMALY
4886,1.813176155090332,ANOMALY
4887,1.8124916553497314,ANOMALY
4888,1.8119720220565796,ANOMALY
4889,1.8116563558578491,ANOMALY
4890,1.8090448379516602,ANOMALY
4891,1.808548927307129,ANOMALY
4892,1.8080939054489136,ANOMALY
4893,1.8076761960983276,ANOMALY
4894,1.8072943687438965,ANOMALY
4895,1.8069474697113037,ANOMALY
4896,1.8066363334655762,ANOMALY
4897,1.806362509727478,ANOMALY
4898,1.8061295747756958,ANOMALY
4899,1.8059413433074951,ANOMALY
4900,1.8058069944381714,ANOMALY
4901,1.8057479858398438,ANOMALY
4902,1.805814266204834,ANOMALY
4903,1.806074619293213,ANOMALY
4904,1.8039976358413696,ANOMALY
4905,1.8042269945144653,ANOMALY
4906,1.801844596862793,ANOMALY
4907,1.7815440893173218,ANOMALY
4908,1.7824969291687012,ANOMALY
4909,1.7833900451660156,ANOMALY
4910,1.784238338470459,ANOMALY
4911,1.7820885181427002,ANOMALY
4912,1.7825769186019897,ANOMALY
4913,1.783052921295166,ANOMALY
4914,1.783522367477417,ANOMALY
4915,1.7839837074279785,ANOMALY
4916,1.7844359874725342,ANOMALY
4917,1.784877896308899,ANOMALY
4918,1.7853074073791504,ANOMALY
4919,1.7857247591018677,ANOMALY
4920,1.7861316204071045,ANOMALY
4921,1.7865309715270996,ANOMALY
4922,1.7869315147399902,ANOMALY
4923,1.7873481512069702,ANOMALY
4924,1.7878141403198242,ANOMALY
4925,1.7883927822113037,ANOMALY
4926,1.7891885042190552,ANOMALY
4927,1.7902816534042358,ANOMALY
4928,1.791497826576233,ANOMALY
4929,1.7925159931182861,ANOMALY
4930,1.7932685613632202,ANOMALY
4931,1.7938437461853027,ANOMALY
4932,1.7943109273910522,ANOMALY
4933,1.7947027683258057,ANOMALY
4934,1.795036792755127,ANOMALY
4935,1.795326590538025,ANOMALY
4936,1.7955814599990845,ANOMALY
4937,1.795809268951416,ANOMALY
4938,1.7960150241851807,ANOMALY
4939,1.7962030172348022,ANOMALY
4940,1.7963749170303345,ANOMALY
4941,1.7965340614318848,ANOMALY
4942,1.7966805696487427,ANOMALY
4943,1.7968157529830933,ANOMALY
4944,1.7969402074813843,ANOMALY
4945,1.7970532178878784,ANOMALY
4946,1.7971556186676025,ANOMALY
4947,1.7972464561462402,ANOMALY
4948,1.7973244190216064,ANOMALY
4949,1.7973887920379639,ANOMALY
4950,1.7974369525909424,ANOMALY
4951,1.7974680662155151,ANOMALY
4952,1.797479271888733,ANOMALY
4953,1.797465205192566,ANOMALY
4954,1.7974127531051636,ANOMALY
4955,1.797288179397583,ANOMALY
4956,1.7970585823059082,ANOMALY
4957,1.7997039556503296,ANOMALY
4958,1.7997039556503296,ANOMALY
4959,1.7997039556503296,ANOMALY
4960,1.7997039556503296,ANOMALY
4961,1.7997039556503296,ANOMALY
4962,1.7997039556503296,ANOMALY
4963,1.7997039556503296,ANOMALY
4964,1.7997039556503296,ANOMALY
4965,1.7997039556503296,ANOMALY
4966,1.7997039556503296,ANOMALY
4967,1.7997039556503296,ANOMALY
4968,1.7793267965316772,ANOMALY
4969,1.7596371173858643,ANOMALY
4970,1.7612829208374023,ANOMALY
4971,1.7626557350158691,ANOMALY
4972,1.7430603504180908,ANOMALY
4973,1.724028468132019,ANOMALY
4974,1.7055494785308838,ANOMALY
4975,1.7087104320526123,ANOMALY
4976,1.690371036529541,ANOMALY
4977,1.6723594665527344,ANOMALY
4978,1.6548045873641968,ANOMALY
4979,1.637618899345398,ANOMALY
4980,1.6207400560379028,ANOMALY
4981,1.6041302680969238,ANOMALY
4982,1.5877641439437866,ANOMALY
4983,1.5716230869293213,ANOMALY
4984,1.555688738822937,ANOMALY
4985,1.5399457216262817,ANOMALY
4986,1.5467255115509033,ANOMALY
4987,1.5532276630401611,ANOMALY
4988,1.5369839668273926,ANOMALY
4989,1.5433903932571411,ANOMALY
4990,1.5275503396987915,ANOMALY
4991,1.5120466947555542,ANOMALY
4992,1.4972976446151733,ANOMALY
4993,1.4831819534301758,ANOMALY
4994,1.4694240093231201,ANOMALY
4995,1.4791523218154907,ANOMALY
4996,1.465285062789917,ANOMALY
4997,1.4514340162277222,ANOMALY
4998,1.4620128870010376,ANOMALY
4999,1.4488624334335327,ANOMALY
5000,1.4354526996612549,ANOMALY
5001,1.4222720861434937,ANOMALY
5002,1.4093620777130127,ANOMALY
5003,1.3967243432998657,ANOMALY
5004,1.3842653036117554,ANOMALY
5005,1.3718701601028442,ANOMALY
5006,1.3594475984573364,ANOMALY
5007,1.346927523612976,ANOMALY
5008,1.3342459201812744,ANOMALY
5009,1.3213379383087158,ANOMALY
5010,1.3081293106079102,ANOMALY
5011,1.2945277690887451,ANOMALY
5012,1.2804136276245117,ANOMALY
5013,1.265631914138794,ANOMALY
5014,1.250020146369934,ANOMALY
5015,1.2335277795791626,ANOMALY
5016,1.2163569927215576,ANOMALY
5017,1.1990464925765991,ANOMALY
5018,1.1961586475372314,ANOMALY
5019,1.1930325031280518,ANOMALY
5020,1.1753286123275757,ANOMALY
5021,1.1578024625778198,ANOMALY
5022,1.1564381122589111,ANOMALY
5023,1.1549614667892456,ANOMALY
5024,1.152880072593689,ANOMALY
5025,1.1347914934158325,ANOMALY
5026,1.1571651697158813,ANOMALY
5027,1.155664086341858,ANOMALY
5028,1.153336763381958,ANOMALY
5029,1.175744652748108,ANOMALY
5030,1.1747021675109863,ANOMALY
5031,1.1978946924209595,ANOMALY
5032,1.2218934297561646,ANOMALY
5033,1.2456823587417603,ANOMALY
5034,1.2691707611083984,ANOMALY
5035,1.2920494079589844,ANOMALY
5036,1.2987693548202515,ANOMALY
5037,1.3053994178771973,ANOMALY
5038,1.3287814855575562,ANOMALY
5039,1.3352781534194946,ANOMALY
5040,1.3594603538513184,ANOMALY
5041,1.3834606409072876,ANOMALY
5042,1.407189130783081,ANOMALY
5043,1.4305009841918945,ANOMALY
5044,1.4531115293502808,ANOMALY
5045,1.4595965147018433,ANOMALY
5046,1.4576539993286133,ANOMALY
5047,1.4798921346664429,ANOMALY
5048,1.4866232872009277,ANOMALY
5049,1.4846478700637817,ANOMALY
5050,1.4822365045547485,ANOMALY
5051,1.4797601699829102,ANOMALY
5052,1.4769439697265625,ANOMALY
5053,1.4738138914108276,ANOMALY
5054,1.470444679260254,ANOMALY
5055,1.4666359424591064,ANOMALY
5056,1.4622682332992554,ANOMALY
5057,1.4572879076004028,ANOMALY
5058,1.451592206954956,ANOMALY
5059,1.445275068283081,ANOMALY
5060,1.438509464263916,ANOMALY
5061,1.4314199686050415,ANOMALY
5062,1.4240835905075073,ANOMALY
5063,1.4165538549423218,ANOMALY
5064,1.4088701009750366,ANOMALY
5065,1.4010637998580933,ANOMALY
5066,1.393161654472351,ANOMALY
5067,1.385189175605774,ANOMALY
5068,1.3771772384643555,ANOMALY
5069,1.3691673278808594,ANOMALY
5070,1.3612279891967773,ANOMALY
5071,1.3534780740737915,ANOMALY
5072,1.346086025238037,ANOMALY
5073,1.3391356468200684,ANOMALY
5074,1.332482933998108,ANOMALY
5075,1.3260674476623535,ANOMALY
5076,1.312071681022644,ANOMALY
5077,1.3072689771652222,ANOMALY
5078,1.3030074834823608,ANOMALY
5079,1.290666103363037,ANOMALY
5080,1.2872912883758545,ANOMALY
5081,1.275131344795227,ANOMALY
5082,1.2628278732299805,ANOMALY
5083,1.2503222227096558,ANOMALY
5084,1.2375603914260864,ANOMALY
5085,1.2244898080825806,ANOMALY
5086,1.2110569477081299,ANOMALY
5087,1.1972061395645142,ANOMALY
5088,1.1828789710998535,ANOMALY
5089,1.168013334274292,ANOMALY
5090,1.1525410413742065,ANOMALY
5091,1.1363929510116577,ANOMALY
5092,1.1195064783096313,ANOMALY
5093,1.101847529411316,ANOMALY
5094,1.0834739208221436,ANOMALY
5095,1.0647025108337402,ANOMALY
5096,1.0635803937911987,ANOMALY
5097,1.0433375835418701,ANOMALY
5098,1.0229613780975342,ANOMALY
5099,1.0229613780975342,ANOMALY
5100,1.0229613780975342,ANOMALY
5101,1.0229613780975342,ANOMALY
5102,1.0229613780975342,ANOMALY
5103,1.0229613780975342,ANOMALY
5104,1.0229613780975342,ANOMALY
5105,1.0229613780975342,ANOMALY
5106,1.0229613780975342,ANOMALY
5107,1.0229613780975342,ANOMALY
5108,1.0229613780975342,ANOMALY
5109,1.0229613780975342,ANOMALY
5110,1.0229613780975342,ANOMALY
5111,1.0229613780975342,ANOMALY
5112,1.0229613780975342,ANOMALY
5113,1.0229613780975342,ANOMALY
5114,1.0229613780975342,ANOMALY
5115,1.0229613780975342,ANOMALY
5116,1.0229613780975342,ANOMALY
5117,1.0229613780975342,ANOMALY
5118,1.0229613780975342,ANOMALY
5119,1.0229613780975342,ANOMALY
5120,1.0229613780975342,ANOMALY
5121,1.0229613780975342,ANOMALY
5122,1.0229613780975342,ANOMALY
5123,1.0229613780975342,ANOMALY
5124,1.0229613780975342,ANOMALY
5125,1.0229613780975342,ANOMALY
5126,1.0229613780975342,ANOMALY
5127,1.0229613780975342,ANOMALY
5128,1.0229613780975342,ANOMALY
5129,1.0229613780975342,ANOMALY
5130,1.0229613780975342,ANOMALY
5131,1.0229613780975342,ANOMALY
5132,1.0229613780975342,ANOMALY
5133,1.0229613780975342,ANOMALY
5134,1.0229613780975342,ANOMALY
5135,1.0229613780975342,ANOMALY
5136,0.9995607137680054,ANOMALY
5137,0.9990085363388062,ANOMALY
5138,0.9761691093444824,ANOMALY
5139,0.9527716040611267,ANOMALY
5140,0.9297513365745544,ANOMALY
5141,0.9069632887840271,ANOMALY
5142,0.8842738270759583,ANOMALY
5143,0.8615999817848206,ANOMALY
5144,0.8388929963111877,ANOMALY
5145,0.8161270618438721,ANOMALY
5146,0.7932922840118408,ANOMALY
5147,0.7703858017921448,ANOMALY
5148,0.7677921056747437,ANOMALY
5149,0.7452024221420288,ANOMALY
5150,0.7215660214424133,ANOMALY
5151,0.6980748176574707,ANOMALY
5152,0.6938915848731995,ANOMALY
5153,0.6902109384536743,ANOMALY
5154,0.6859889030456543,ANOMALY
5155,0.6813754439353943,ANOMALY
5156,0.6765270829200745,ANOMALY
5157,0.6715519428253174,ANOMALY
5158,0.6665178537368774,ANOMALY
5159,0.6614658236503601,ANOMALY
5160,0.6564210653305054,ANOMALY
5161,0.6513985395431519,ANOMALY
5162,0.6464083790779114,ANOMALY
5163,0.64145827293396,ANOMALY
5164,0.6365550756454468,ANOMALY
5165,0.6317057013511658,ANOMALY
5166,0.6269188523292542,ANOMALY
5167,0.6222059726715088,ANOMALY
5168,0.6175853610038757,ANOMALY
5169,0.6130876541137695,ANOMALY
5170,0.6087725758552551,ANOMALY
5171,0.6047542095184326,ANOMALY
5172,0.6012172698974609,ANOMALY
5173,0.5983180403709412,ANOMALY
5174,0.5960559248924255,ANOMALY
5175,0.5944644808769226,ANOMALY
5176,0.5935847759246826,ANOMALY
5177,0.5932928919792175,ANOMALY
5178,0.593412458896637,ANOMALY
5179,0.5938082337379456,ANOMALY
5180,0.5943847298622131,ANOMALY
5181,0.5950777530670166,ANOMALY
5182,0.5958632230758667,ANOMALY
5183,0.5967883467674255,ANOMALY
5184,0.5980693697929382,ANOMALY
5185,0.6003879308700562,ANOMALY
5186,0.6360375285148621,ANOMALY
5187,0.6393328309059143,ANOMALY
5188,0.6768125295639038,ANOMALY
5189,0.712604820728302,ANOMALY
5190,0.7467314004898071,ANOMALY
5191,0.7796295285224915,ANOMALY
5192,0.8114615082740784,ANOMALY
5193,0.8422301411628723,ANOMALY
5194,0.8718687295913696,ANOMALY
5195,0.9002568125724792,ANOMALY
5196,0.9271926879882812,ANOMALY
5197,0.952273428440094,ANOMALY
5198,0.9538863897323608,ANOMALY
5199,0.9786469340324402,ANOMALY
5200,1.0018292665481567,ANOMALY
5201,1.0229613780975342,ANOMALY
5202,1.0229613780975342,ANOMALY
5203,1.0229613780975342,ANOMALY
5204,1.0229613780975342,ANOMALY
5205,1.0229613780975342,ANOMALY
5206,1.0229613780975342,ANOMALY
5207,1.0229613780975342,ANOMALY
5208,1.0229613780975342,ANOMALY
5209,1.0229613780975342,ANOMALY
5210,1.0229613780975342,ANOMALY
5211,0.9995607137680054,ANOMALY
5212,0.9758238792419434,ANOMALY
5213,0.9756069779396057,ANOMALY
5214,0.9531208872795105,ANOMALY
5215,0.952625036239624,ANOMALY
5216,0.9300205707550049,ANOMALY
5217,0.9066559672355652,ANOMALY
5218,0.8835684061050415,ANOMALY
5219,0.8826233744621277,ANOMALY
5220,0.860201358795166,ANOMALY
5221,0.8368309140205383,ANOMALY
5222,0.8136371374130249,ANOMALY
5223,0.7905763387680054,ANOMALY
5224,0.7675740122795105,ANOMALY
5225,0.764920711517334,ANOMALY
5226,0.7423621416091919,ANOMALY
5227,0.7187826037406921,ANOMALY
5228,0.6953615546226501,ANOMALY
5229,0.6720878481864929,ANOMALY
5230,0.6489086747169495,ANOMALY
5231,0.6257902383804321,ANOMALY
5232,0.602717399597168,ANOMALY
5233,0.5796908736228943,ANOMALY
5234,0.5735267400741577,ANOMALY
5235,0.5510664582252502,ANOMALY
5236,0.5277343392372131,ANOMALY
5237,0.5046830773353577,ANOMALY
5238,0.48194655776023865,ANOMALY
5239,0.4595116376876831,ANOMALY
5240,0.43738070130348206,ANOMALY
5241,0.41557520627975464,ANOMALY
5242,0.39413079619407654,ANOMALY
5243,0.37309375405311584,ANOMALY
5244,0.35251593589782715,ANOMALY
5245,0.3324536383152008,ANOMALY
5246,0.32283806800842285,ANOMALY
5247,0.30411016941070557,ANOMALY
5248,0.2853543758392334,ANOMALY
5249,0.26743218302726746,ANOMALY
5250,0.2580321729183197,ANOMALY
5251,0.24939291179180145,ANOMALY
5252,0.24103184044361115,ANOMALY
5253,0.2330840826034546,ANOMALY
5254,0.22554202377796173,ANOMALY
5255,0.21828337013721466,ANOMALY
5256,0.20548778772354126,ANOMALY
5257,0.19319145381450653,ANOMALY
5258,0.18186672031879425,ANOMALY
5259,0.17150206863880157,ANOMALY
5260,0.16227109730243683,ANOMALY
5261,0.16393952071666718,ANOMALY
5262,0.16535617411136627,ANOMALY
5263,0.15662702918052673,ANOMALY
5264,0.158111572265625,ANOMALY
5265,0.15004564821720123,ANOMALY
5266,0.1520286351442337,ANOMALY
5267,0.153948113322258,ANOMALY
5268,0.1554194688796997,ANOMALY
5269,0.14731170237064362,ANOMALY
5270,0.14885824918746948,ANOMALY
5271,0.15060275793075562,ANOMALY
5272,0.15253019332885742,ANOMALY
5273,0.15450280904769897,ANOMALY
5274,0.15618190169334412,ANOMALY
5275,0.14839504659175873,ANOMALY
5276,0.14998099207878113,ANOMALY
5277,0.15128213167190552,ANOMALY
5278,0.15234561264514923,ANOMALY
5279,0.15340059995651245,ANOMALY
5280,0.15460970997810364,ANOMALY
5281,0.15595276653766632,ANOMALY
5282,0.1573086380958557,ANOMALY
5283,0.15837256610393524,ANOMALY
5284,0.15035489201545715,ANOMALY
5285,0.15145322680473328,ANOMALY
5286,0.15238936245441437,ANOMALY
5287,0.15310852229595184,ANOMALY
5288,0.15352512896060944,ANOMALY
5289,0.15354610979557037,ANOMALY
5290,0.1531897485256195,ANOMALY
5291,0.15259678661823273,ANOMALY
5292,0.1517716497182846,ANOMALY
5293,0.15050049126148224,ANOMALY
5294,0.14857007563114166,ANOMALY
5295,0.14584405720233917,ANOMALY
5296,0.13543441891670227,ANOMALY
5297,0.13256871700286865,ANOMALY
5298,0.1299237757921219,ANOMALY
5299,0.12468364089727402,ANOMALY
5300,0.11341316998004913,NORMAL
5301,0.10365728288888931,NORMAL
5302,0.09517502039670944,NORMAL
5303,0.08767113834619522,NORMAL
5304,0.08086445182561874,NORMAL
5305,0.07465694099664688,NORMAL
5306,0.07259725034236908,NORMAL
5307,0.07047414034605026,NORMAL
5308,0.0682908222079277,NORMAL
5309,0.06605204939842224,NORMAL
5310,0.06376370042562485,NORMAL
5311,0.06143216788768768,NORMAL
5312,0.059064388275146484,NORMAL
5313,0.056667495518922806,NORMAL
5314,0.05424884334206581,NORMAL
5315,0.05181577801704407,NORMAL
5316,0.0493757538497448,NORMAL
5317,0.04781639203429222,NORMAL
5318,0.04632071405649185,NORMAL
5319,0.04479311406612396,NORMAL
5320,0.043243490159511566,NORMAL
5321,0.041687797755002975,NORMAL
5322,0.040139149874448776,NORMAL
5323,0.03860766440629959,NORMAL
5324,0.0371009036898613,NORMAL
5325,0.03495720773935318,NORMAL
5326,0.03344806656241417,NORMAL
5327,0.031439002603292465,NORMAL
5328,0.03002135269343853,NORMAL
5329,0.028709793463349342,NORMAL
5330,0.02743898145854473,NORMAL
5331,0.026209251955151558,NORMAL
5332,0.025026021525263786,NORMAL
5333,0.0238946583122015,NORMAL
5334,0.02282046340405941,NORMAL
5335,0.021808698773384094,NORMAL
5336,0.020865295082330704,NORMAL
5337,0.01999720372259617,NORMAL
5338,0.019213063642382622,NORMAL
5339,0.01852318085730076,NORMAL
5340,0.01793881133198738,NORMAL
5341,0.017469855025410652,NORMAL
5342,0.017122162505984306,NORMAL
5343,0.01689748466014862,NORMAL
5344,0.01680104061961174,NORMAL
5345,0.016854654997587204,NORMAL
5346,0.016742732375860214,NORMAL
5347,0.016745643690228462,NORMAL
5348,0.016889281570911407,NORMAL
5349,0.01781558431684971,NORMAL
5350,0.01885499805212021,NORMAL
5351,0.020008664578199387,NORMAL
5352,0.021674590185284615,NORMAL
5353,0.023120803758502007,NORMAL
5354,0.024622058495879173,NORMAL
5355,0.026210341602563858,NORMAL
5356,0.028359489515423775,NORMAL
5357,0.03016497567296028,NORMAL
5358,0.031929053366184235,NORMAL
5359,0.0342395156621933,NORMAL
5360,0.03661804273724556,NORMAL
5361,0.03892002999782562,NORMAL
5362,0.04101778194308281,NORMAL
5363,0.042751580476760864,NORMAL
5364,0.04406484216451645,NORMAL
5365,0.04515006020665169,NORMAL
5366,0.04618261009454727,NORMAL
5367,0.045166224241256714,NORMAL
5368,0.04423746466636658,NORMAL
5369,0.04342646524310112,NORMAL
5370,0.04276956617832184,NORMAL
5371,0.042279135435819626,NORMAL
5372,0.04187796637415886,NORMAL
5373,0.041402388364076614,NORMAL
5374,0.040827374905347824,NORMAL
5375,0.04190976545214653,NORMAL
5376,0.0409540981054306,NORMAL
5377,0.04183590039610863,NORMAL
5378,0.040819406509399414,NORMAL
5379,0.039839692413806915,NORMAL
5380,0.03889943286776543,NORMAL
5381,0.03800203278660774,NORMAL
5382,0.03715145215392113,NORMAL
5383,0.036352820694446564,NORMAL
5384,0.03561319410800934,NORMAL
5385,0.03494224324822426,NORMAL
5386,0.034353312104940414,NORMAL
5387,0.03386463597416878,NORMAL
5388,0.033499933779239655,NORMAL
5389,0.03328890725970268,NORMAL
5390,0.03326956927776337,NORMAL
5391,0.03292710706591606,NORMAL
5392,0.0328206866979599,NORMAL
5393,0.03302836790680885,NORMAL
5394,0.03342689946293831,NORMAL
5395,0.033919453620910645,NORMAL
5396,0.03630915284156799,NORMAL
5397,0.03871452435851097,NORMAL
5398,0.041047509759664536,NORMAL
5399,0.04331762343645096,NORMAL
5400,0.04565540328621864,NORMAL
5401,0.04790838807821274,NORMAL
5402,0.047515954822301865,NORMAL
5403,0.049213577061891556,NORMAL
5404,0.05064414441585541,NORMAL
5405,0.05156052112579346,NORMAL
5406,0.04967226833105087,NORMAL
5407,0.04965798556804657,NORMAL
5408,0.0493757538497448,NORMAL
5409,0.04781639203429222,NORMAL
5410,0.045466989278793335,NORMAL
5411,0.04303360357880592,NORMAL
5412,0.04062565788626671,NORMAL
5413,0.03825533762574196,NORMAL
5414,0.03592657670378685,NORMAL
5415,0.033642999827861786,NORMAL
5416,0.031408656388521194,NORMAL
5417,0.029228150844573975,NORMAL
5418,0.027106285095214844,NORMAL
5419,0.02504821866750717,NORMAL
5420,0.023059017956256866,NORMAL
5421,0.0211438350379467,NORMAL
5422,0.01930776983499527,NORMAL
5423,0.017555877566337585,NORMAL
5424,0.015893274918198586,NORMAL
5425,0.01432519406080246,NORMAL
5426,0.012857181951403618,NORMAL
5427,0.011495189741253853,NORMAL
5428,0.010245970450341702,NORMAL
5429,0.009117058478295803,NORMAL
5430,0.008116265758872032,NORMAL
5431,0.007249851711094379,NORMAL
5432,0.006518661975860596,NORMAL
5433,0.005913990084081888,NORMAL
5434,0.005417732521891594,NORMAL
5435,0.00500940578058362,NORMAL
5436,0.004676083568483591,NORMAL
5437,0.004419129341840744,NORMAL
5438,0.004249522928148508,NORMAL
5439,0.004130240995436907,NORMAL
5440,0.0041152965277433395,NORMAL
5441,0.004117181990295649,NORMAL
5442,0.004117324482649565,NORMAL
5443,0.0041154054924845695,NORMAL
5444,0.004111172631382942,NORMAL
5445,0.004104553256183863,NORMAL
5446,0.004095739219337702,NORMAL
5447,0.004085315857082605,NORMAL
5448,0.004074196331202984,NORMAL
5449,0.004063357133418322,NORMAL
5450,0.004053471609950066,NORMAL
5451,0.00404445780441165,NORMAL
5452,0.00403516786172986,NORMAL
5453,0.00402285298332572,NORMAL
5454,0.00400199368596077,NORMAL
5455,0.0039627025835216045,NORMAL
5456,0.003895385190844536,NORMAL
5457,0.003842590842396021,NORMAL
5458,0.003968359902501106,NORMAL
5459,0.003977270796895027,NORMAL
5460,0.004226003307849169,NORMAL
5461,0.004240017384290695,NORMAL
5462,0.004489423707127571,NORMAL
5463,0.004504420794546604,NORMAL
5464,0.004755501635372639,NORMAL
5465,0.0050225467421114445,NORMAL
5466,0.005041724536567926,NORMAL
5467,0.005047747865319252,NORMAL
5468,0.005055687855929136,NORMAL
5469,0.005066304001957178,NORMAL
5470,0.005079959519207478,NORMAL
5471,0.005096818320453167,NORMAL
5472,0.005116995424032211,NORMAL
5473,0.005140549037605524,NORMAL
5474,0.005167489871382713,NORMAL
5475,0.005197793245315552,NORMAL
5476,0.005231400020420551,NORMAL
5477,0.005268220789730549,NORMAL
5478,0.005308147054165602,NORMAL
5479,0.005351046100258827,NORMAL
5480,0.0053967577405273914,NORMAL
5481,0.005445126444101334,NORMAL
5482,0.005495939403772354,NORMAL
5483,0.005548994056880474,NORMAL
5484,0.005604010075330734,NORMAL
5485,0.005660687573254108,NORMAL
5486,0.005718639120459557,NORMAL
5487,0.005777382291853428,NORMAL
5488,0.005719544366002083,NORMAL
5489,0.0056398781016469,NORMAL
5490,0.005556186661124229,NORMAL
5491,0.0054674106650054455,NORMAL
5492,0.005371489096432924,NORMAL
5493,0.005265855696052313,NORMAL
5494,0.005147659219801426,NORMAL
5495,0.005014033988118172,NORMAL
5496,0.004862407222390175,NORMAL
5497,0.004690983798354864,NORMAL
5498,0.00449917558580637,NORMAL
5499,0.00440556276589632,NORMAL
5500,0.004311176482588053,NORMAL
5501,0.004198844078928232,NORMAL
5502,0.003952543251216412,NORMAL
5503,0.0037864656187593937,NORMAL
5504,0.003607891732826829,NORMAL
5505,0.003389213001355529,NORMAL
5506,0.0031683463603258133,NORMAL
5507,0.002860279753804207,NORMAL
5508,0.0027867627795785666,NORMAL
5509,0.0025248241145163774,NORMAL
5510,0.002492394996806979,NORMAL
5511,0.0022559217177331448,NORMAL
5512,0.0022440655156970024,NORMAL
5513,0.00208594324067235,NORMAL
5514,0.002039080485701561,NORMAL
5515,0.0020913381595164537,NORMAL
5516,0.00209758710116148,NORMAL
5517,0.0021114656701684,NORMAL
5518,0.00213398109190166,NORMAL
5519,0.002165893092751503,NORMAL
5520,0.002207459881901741,NORMAL
5521,0.0022580549120903015,NORMAL
5522,0.002315930323675275,NORMAL
5523,0.002378167351707816,NORMAL
5524,0.002441024174913764,NORMAL
5525,0.0025005575735121965,NORMAL
5526,0.0025532403960824013,NORMAL
5527,0.0025964516680687666,NORMAL
5528,0.0026286751963198185,NORMAL
5529,0.002649571280926466,NORMAL
5530,0.002660006284713745,NORMAL
5531,0.002662117825821042,NORMAL
5532,0.0026595829986035824,NORMAL
5533,0.0026582779828459024,NORMAL
5534,0.0026671458035707474,NORMAL
5535,0.0026948817539960146,NORMAL
5536,0.0027087796479463577,NORMAL
5537,0.00283966981805861,NORMAL
5538,0.002923017367720604,NORMAL
5539,0.0030112883541733027,NORMAL
5540,0.0031050380785018206,NORMAL
5541,0.0032046502456068993,NORMAL
5542,0.0033100033178925514,NORMAL
5543,0.0034195249900221825,NORMAL
5544,0.0035280755255371332,NORMAL
5545,0.0036228406243026257,NORMAL
5546,0.003681258764117956,NORMAL
5547,0.0037138245534151793,NORMAL
5548,0.003623289754614234,NORMAL
5549,0.0036780962254852057,NORMAL
5550,0.003715929575264454,NORMAL
5551,0.0038415873423218727,NORMAL
5552,0.003715463913977146,NORMAL
5553,0.003715463913977146,NORMAL
5554,0.003715463913977146,NORMAL
5555,0.003715463913977146,NORMAL
5556,0.003715463913977146,NORMAL
5557,0.003715463913977146,NORMAL
5558,0.003715463913977146,NORMAL
5559,0.003715463913977146,NORMAL
5560,0.003715463913977146,NORMAL
5561,0.003715463913977146,NORMAL
5562,0.003715463913977146,NORMAL
5563,0.003715463913977146,NORMAL
5564,0.003715463913977146,NORMAL
5565,0.003715463913977146,NORMAL
5566,0.003715463913977146,NORMAL
5567,0.003715463913977146,NORMAL
5568,0.003715463913977146,NORMAL
5569,0.003715463913977146,NORMAL
5570,0.003715463913977146,NORMAL
5571,0.003715463913977146,NORMAL
5572,0.003715463913977146,NORMAL
5573,0.003715463913977146,NORMAL
5574,0.003715463913977146,NORMAL
5575,0.003715463913977146,NORMAL
5576,0.003715463913977146,NORMAL
5577,0.003715463913977146,NORMAL
5578,0.003715463913977146,NORMAL
5579,0.003715463913977146,NORMAL
5580,0.003715463913977146,NORMAL
5581,0.003715463913977146,NORMAL
5582,0.003715463913977146,NORMAL
5583,0.003715463913977146,NORMAL
5584,0.003715463913977146,NORMAL
5585,0.003715463913977146,NORMAL
5586,0.003715463913977146,NORMAL
5587,0.003715463913977146,NORMAL
5588,0.003715463913977146,NORMAL
5589,0.003715463913977146,NORMAL
5590,0.003715463913977146,NORMAL
5591,0.003715463913977146,NORMAL
5592,0.003715463913977146,NORMAL
5593,0.003715463913977146,NORMAL
5594,0.003715463913977146,NORMAL
5595,0.003715463913977146,NORMAL
5596,0.003715463913977146,NORMAL
5597,0.003715463913977146,NORMAL
5598,0.003715463913977146,NORMAL
5599,0.003715463913977146,NORMAL
5600,0.003715463913977146,NORMAL
5601,0.003715463913977146,NORMAL
5602,0.003715463913977146,NORMAL
5603,0.003715463913977146,NORMAL
5604,0.003715463913977146,NORMAL
5605,0.003715463913977146,NORMAL
5606,0.003715463913977146,NORMAL
5607,0.003715463913977146,NORMAL
5608,0.003715463913977146,NORMAL
5609,0.003715463913977146,NORMAL
5610,0.003715463913977146,NORMAL
5611,0.003715463913977146,NORMAL
5612,0.003715463913977146,NORMAL
5613,0.0036145232152193785,NORMAL
5614,0.00360120483674109,NORMAL
5615,0.0035004112869501114,NORMAL
5616,0.0033871587365865707,NORMAL
5617,0.003373934654518962,NORMAL
5618,0.0033730738796293736,NORMAL
5619,0.0033718179911375046,NORMAL
5620,0.003369605867192149,NORMAL
5621,0.003366178832948208,NORMAL
5622,0.003361453302204609,NORMAL
5623,0.0033553990069776773,NORMAL
5624,0.0033480387646704912,NORMAL
5625,0.0033394345082342625,NORMAL
5626,0.0033296782057732344,NORMAL
5627,0.003318888833746314,NORMAL
5628,0.003307206556200981,NORMAL
5629,0.003294777823612094,NORMAL
5630,0.0032817625906318426,NORMAL
5631,0.003268314991146326,NORMAL
5632,0.003254598006606102,NORMAL
5633,0.0032407748512923717,NORMAL
5634,0.003226993605494499,NORMAL
5635,0.0032134351786226034,NORMAL
5636,0.0032002630177885294,NORMAL
5637,0.0031876754947006702,NORMAL
5638,0.003175887977704406,NORMAL
5639,0.003165137954056263,NORMAL
5640,0.003155726008117199,NORMAL
5641,0.003147989511489868,NORMAL
5642,0.00314233242534101,NORMAL
5643,0.003139205975458026,NORMAL
5644,0.003139123087748885,NORMAL
5645,0.003142605535686016,NORMAL
5646,0.0031501040793955326,NORMAL
5647,0.003161905100569129,NORMAL
5648,0.0031779196579009295,NORMAL
5649,0.0031975575257092714,NORMAL
5650,0.003219582373276353,NORMAL
5651,0.0032422286458313465,NORMAL
5652,0.0032635077368468046,NORMAL
5653,0.003281709272414446,NORMAL
5654,0.003295882372185588,NORMAL
5655,0.003306283848360181,NORMAL
5656,0.0033145768102258444,NORMAL
5657,0.0033241359051316977,NORMAL
5658,0.0033408915624022484,NORMAL
5659,0.0033748082350939512,NORMAL
5660,0.0034373740199953318,NORMAL
5661,0.0034994117449969053,NORMAL
5662,0.0036942034494131804,NORMAL
5663,0.003667261218652129,NORMAL
5664,0.003823999548330903,NORMAL
5665,0.0038415873423218727,NORMAL
5666,0.003715463913977146,NORMAL
5667,0.003715463913977146,NORMAL
5668,0.003715463913977146,NORMAL
5669,0.003715463913977146,NORMAL
5670,0.003715463913977146,NORMAL
5671,0.003715463913977146,NORMAL
5672,0.003715463913977146,NORMAL
5673,0.003715463913977146,NORMAL
5674,0.003715463913977146,NORMAL
5675,0.003715463913977146,NORMAL
5676,0.0036145232152193785,NORMAL
5677,0.00360120483674109,NORMAL
5678,0.003600958501920104,NORMAL
5679,0.0036009063478559256,NORMAL
5680,0.003600667929276824,NORMAL
5681,0.0036000562831759453,NORMAL
5682,0.003599004354327917,NORMAL
5683,0.003597474889829755,NORMAL
5684,0.0035954550839960575,NORMAL
5685,0.0035929318983107805,NORMAL
5686,0.003589924657717347,NORMAL
5687,0.003586447797715664,NORMAL
5688,0.003582536242902279,NORMAL
5689,0.003578233066946268,NORMAL
5690,0.0035735785495489836,NORMAL
5691,0.0035686171613633633,NORMAL
5692,0.0035634085070341825,NORMAL
5693,0.0035579956602305174,NORMAL
5694,0.003552432172000408,NORMAL
5695,0.0035467594861984253,NORMAL
5696,0.0035410334821790457,NORMAL
5697,0.0035353119019418955,NORMAL
5698,0.0035296462010592222,NORMAL
5699,0.0035240992438048124,NORMAL
5700,0.003518748329952359,NORMAL
5701,0.003513674484565854,NORMAL
5702,0.0035089796874672174,NORMAL
5703,0.0035047815181314945,NORMAL
5704,0.0035012345761060715,NORMAL
5705,0.0034985048696398735,NORMAL
5706,0.0034967917017638683,NORMAL
5707,0.0034963327925652266,NORMAL
5708,0.0034973558504134417,NORMAL
5709,0.003500086022540927,NORMAL
5710,0.003504673484712839,NORMAL
5711,0.0035110830795019865,NORMAL
5712,0.0035190479829907417,NORMAL
5713,0.0035279912408441305,NORMAL
5714,0.0035370485857129097,NORMAL
5715,0.0035453566815704107,NORMAL
5716,0.003454836318269372,NORMAL
5717,0.0034482362680137157,NORMAL
5718,0.0034526402596384287,NORMAL
5719,0.0033605757635086775,NORMAL
5720,0.0032596001401543617,NORMAL
5721,0.00316599546931684,NORMAL
5722,0.0031840312294662,NORMAL
5723,0.0032356553710997105,NORMAL
5724,0.0031721238046884537,NORMAL
5725,0.0032811174169182777,NORMAL
5726,0.003134296741336584,NORMAL
5727,0.0031273048371076584,NORMAL
5728,0.0031186046544462442,NORMAL
5729,0.003108118660748005,NORMAL
5730,0.0030959099531173706,NORMAL
5731,0.0030821235850453377,NORMAL
5732,0.0030669530387967825,NORMAL
5733,0.003050615545362234,NORMAL
5734,0.003033353015780449,NORMAL
5735,0.0030154248233884573,NORMAL
5736,0.00299710500985384,NORMAL
5737,0.002978661097586155,NORMAL
5738,0.002960375277325511,NORMAL
5739,0.002942530205473304,NORMAL
5740,0.0029254292603582144,NORMAL
5741,0.0029093909543007612,NORMAL
5742,0.002894764766097069,NORMAL
5743,0.0028819439467042685,NORMAL
5744,0.003110668156296015,NORMAL
5745,0.003350250655785203,NORMAL
5746,0.0035923125687986612,NORMAL
5747,0.0038373020943254232,NORMAL
5748,0.004085852298885584,NORMAL
5749,0.004338671453297138,NORMAL
5750,0.00459637213498354,NORMAL
5751,0.004859330132603645,NORMAL
5752,0.005127564538270235,NORMAL
5753,0.005400711204856634,NORMAL
5754,0.0056780679151415825,NORMAL
5755,0.005958746653050184,NORMAL
5756,0.006241860333830118,NORMAL
5757,0.006526820827275515,NORMAL
5758,0.006813682150095701,NORMAL
5759,0.007103642914444208,NORMAL
5760,0.0073997946456074715,NORMAL
5761,0.007708445191383362,NORMAL
5762,0.007799236569553614,NORMAL
5763,0.00790991447865963,NORMAL
5764,0.008026817813515663,NORMAL
5765,0.008282801136374474,NORMAL
5766,0.00848664715886116,NORMAL
5767,0.008768729865550995,NORMAL
5768,0.009196575731039047,NORMAL
5769,0.009736713021993637,NORMAL
5770,0.010353796184062958,NORMAL
5771,0.011003178544342518,NORMAL
5772,0.01152734737843275,NORMAL
5773,0.012139733880758286,NORMAL
5774,0.013008835725486279,NORMAL
5775,0.013600271195173264,NORMAL
5776,0.014232313260436058,NORMAL
5777,0.014901518821716309,NORMAL
5778,0.015603018924593925,NORMAL
5779,0.01633024401962757,NORMAL
5780,0.017074652016162872,NORMAL
5781,0.017825467512011528,NORMAL
5782,0.01856914348900318,NORMAL
5783,0.019288988783955574,NORMAL
5784,0.019964532926678658,NORMAL
5785,0.020571209490299225,NORMAL
5786,0.021080033853650093,NORMAL
5787,0.021457279101014137,NORMAL
5788,0.021661994978785515,NORMAL
5789,0.021637223660945892,NORMAL
5790,0.021301181986927986,NORMAL
5791,0.020586518570780754,NORMAL
5792,0.019574511796236038,NORMAL
5793,0.018386218696832657,NORMAL
5794,0.01664995774626732,NORMAL
5795,0.015006975270807743,NORMAL
5796,0.013462499715387821,NORMAL
5797,0.012021991424262524,NORMAL
5798,0.010691331699490547,NORMAL
5799,0.009477103129029274,NORMAL
5800,0.008386540226638317,NORMAL
5801,0.00742692593485117,NORMAL
5802,0.0066034430637955666,NORMAL
5803,0.00591509323567152,NORMAL
5804,0.0053509133867919445,NORMAL
5805,0.004891065880656242,NORMAL
5806,0.004514576867222786,NORMAL
5807,0.00420879852026701,NORMAL
5808,0.0039750332944095135,NORMAL
5809,0.0038235674146562815,NORMAL
5810,0.003717299783602357,NORMAL
5811,0.003715463913977146,NORMAL
5812,0.003715463913977146,NORMAL
5813,0.003715463913977146,NORMAL
5814,0.003715463913977146,NORMAL
5815,0.003715463913977146,NORMAL
5816,0.003715463913977146,NORMAL
5817,0.003715463913977146,NORMAL
5818,0.003715463913977146,NORMAL
5819,0.003715463913977146,NORMAL
5820,0.003715463913977146,NORMAL
5821,0.003715463913977146,NORMAL
5822,0.003715463913977146,NORMAL
5823,0.003715463913977146,NORMAL
5824,0.003715463913977146,NORMAL
5825,0.003715463913977146,NORMAL
5826,0.003715463913977146,NORMAL
5827,0.003715463913977146,NORMAL
5828,0.003715463913977146,NORMAL
5829,0.003715463913977146,NORMAL
5830,0.003715463913977146,NORMAL
5831,0.003715463913977146,NORMAL
5832,0.003715463913977146,NORMAL
5833,0.003715463913977146,NORMAL
5834,0.003715463913977146,NORMAL
5835,0.003715463913977146,NORMAL
5836,0.003715463913977146,NORMAL
5837,0.003715463913977146,NORMAL
5838,0.003715463913977146,NORMAL
5839,0.003715463913977146,NORMAL
5840,0.003715463913977146,NORMAL
5841,0.003715463913977146,NORMAL
5842,0.003715463913977146,NORMAL
5843,0.003715463913977146,NORMAL
5844,0.003715463913977146,NORMAL
5845,0.003715463913977146,NORMAL
5846,0.0039635575376451015,NORMAL
5847,0.004225817043334246,NORMAL
5848,0.004489013459533453,NORMAL
5849,0.0045035225339233875,NORMAL
5850,0.0045040082186460495,NORMAL
5851,0.004504986107349396,NORMAL
5852,0.00450716819614172,NORMAL
5853,0.004510868806391954,NORMAL
5854,0.004516249056905508,NORMAL
5855,0.00452341977506876,NORMAL
5856,0.004532426595687866,NORMAL
5857,0.004543292801827192,NORMAL
5858,0.004556017462164164,NORMAL
5859,0.004570552613586187,NORMAL
5860,0.004586838651448488,NORMAL
5861,0.004604782443493605,NORMAL
5862,0.004624291323125362,NORMAL
5863,0.004645259119570255,NORMAL
5864,0.004667577799409628,NORMAL
5865,0.004691121634095907,NORMAL
5866,0.0047157839871943,NORMAL
5867,0.004741430748254061,NORMAL
5868,0.004767927806824446,NORMAL
5869,0.004795132204890251,NORMAL
5870,0.004822867922484875,NORMAL
5871,0.004850943107157946,NORMAL
5872,0.004879108164459467,NORMAL
5873,0.0049070678651332855,NORMAL
5874,0.004934472031891346,NORMAL
5875,0.004960865247994661,NORMAL
5876,0.004985705483704805,NORMAL
5877,0.005008326377719641,NORMAL
5878,0.005027909763157368,NORMAL
5879,0.005043474491685629,NORMAL
5880,0.005053872242569923,NORMAL
5881,0.005057839676737785,NORMAL
5882,0.005054086446762085,NORMAL
5883,0.005041532684117556,NORMAL
5884,0.005019641015678644,NORMAL
5885,0.004988877568393946,NORMAL
5886,0.004950906615704298,NORMAL
5887,0.004908418748527765,NORMAL
5888,0.004864147864282131,NORMAL
5889,0.004819229710847139,NORMAL
5890,0.004770904313772917,NORMAL
5891,0.004709342028945684,NORMAL
5892,0.0046133482828736305,NORMAL
5893,0.004452921915799379,NORMAL
5894,0.004250717349350452,NORMAL
5895,0.0039750332944095135,NORMAL
5896,0.0038235674146562815,NORMAL
5897,0.003717299783602357,NORMAL
5898,0.003715463913977146,NORMAL
5899,0.003715463913977146,NORMAL
5900,0.003715463913977146,NORMAL
5901,0.003715463913977146,NORMAL
5902,0.003715463913977146,NORMAL
5903,0.003715463913977146,NORMAL
5904,0.003715463913977146,NORMAL
5905,0.003715463913977146,NORMAL
5906,0.003715463913977146,NORMAL
5907,0.003715463913977146,NORMAL
5908,0.003715463913977146,NORMAL
5909,0.003715463913977146,NORMAL
5910,0.003715463913977146,NORMAL
5911,0.003715463913977146,NORMAL
5912,0.003715463913977146,NORMAL
5913,0.003715463913977146,NORMAL
5914,0.003715463913977146,NORMAL
5915,0.003715463913977146,NORMAL
5916,0.003715463913977146,NORMAL
5917,0.003715463913977146,NORMAL
5918,0.003715463913977146,NORMAL
5919,0.003715463913977146,NORMAL
5920,0.003715463913977146,NORMAL
5921,0.003715463913977146,NORMAL
5922,0.003715463913977146,NORMAL
5923,0.003715463913977146,NORMAL
5924,0.003715463913977146,NORMAL
5925,0.003715463913977146,NORMAL
5926,0.003715463913977146,NORMAL
5927,0.003715463913977146,NORMAL
5928,0.003715463913977146,NORMAL
5929,0.003715463913977146,NORMAL
5930,0.003715463913977146,NORMAL
5931,0.003715463913977146,NORMAL
5932,0.003715463913977146,NORMAL
5933,0.003715463913977146,NORMAL
5934,0.003715463913977146,NORMAL
5935,0.003715463913977146,NORMAL
5936,0.003715463913977146,NORMAL
5937,0.003715463913977146,NORMAL
5938,0.003715463913977146,NORMAL
5939,0.003715463913977146,NORMAL
5940,0.003715463913977146,NORMAL
5941,0.003715463913977146,NORMAL
5942,0.003715463913977146,NORMAL
5943,0.003715463913977146,NORMAL
5944,0.003715463913977146,NORMAL
5945,0.003715463913977146,NORMAL
5946,0.003715463913977146,NORMAL
5947,0.003715463913977146,NORMAL
5948,0.003715463913977146,NORMAL
5949,0.003715463913977146,NORMAL
5950,0.003715463913977146,NORMAL
5951,0.003715463913977146,NORMAL
5952,0.003715463913977146,NORMAL
5953,0.003715463913977146,NORMAL
5954,0.003715463913977146,NORMAL
5955,0.003715463913977146,NORMAL
5956,0.003715463913977146,NORMAL
5957,0.003715463913977146,NORMAL
5958,0.003715463913977146,NORMAL
5959,0.003715463913977146,NORMAL
5960,0.003715463913977146,NORMAL
5961,0.003715463913977146,NORMAL
5962,0.003715463913977146,NORMAL
5963,0.0036145232152193785,NORMAL
5964,0.00360120483674109,NORMAL
5965,0.0035004112869501114,NORMAL
5966,0.0034873199183493853,NORMAL
5967,0.003386663505807519,NORMAL
5968,0.0032734889537096024,NORMAL
5969,0.0031601826194673777,NORMAL
5970,0.0030467871110886335,NORMAL
5971,0.002933136187493801,NORMAL
5972,0.0028189988806843758,NORMAL
5973,0.0028020136523991823,NORMAL
5974,0.0027944641187787056,NORMAL
5975,0.0027850018814206123,NORMAL
5976,0.0027732159942388535,NORMAL
5977,0.0027590764220803976,NORMAL
5978,0.0027427247259765863,NORMAL
5979,0.0027244382072240114,NORMAL
5980,0.002704542363062501,NORMAL
5981,0.0026834255550056696,NORMAL
5982,0.002661507111042738,NORMAL
5983,0.0026392117142677307,NORMAL
5984,0.002617006888613105,NORMAL
5985,0.002595337340608239,NORMAL
5986,0.0025746822357177734,NORMAL
5987,0.0025555132888257504,NORMAL
5988,0.002538330154493451,NORMAL
5989,0.0025236757937818766,NORMAL
5990,0.002512145321816206,NORMAL
5991,0.002504389500245452,NORMAL
5992,0.002501128241419792,NORMAL
5993,0.00250314362347126,NORMAL
5994,0.0025112067814916372,NORMAL
5995,0.0025259924586862326,NORMAL
5996,0.002547929063439369,NORMAL
5997,0.0025769772473722696,NORMAL
5998,0.0026124920696020126,NORMAL
5999,0.002653153147548437,NORMAL
6000,0.0026970214676111937,NORMAL
6001,0.002741756848990917,NORMAL
6002,0.002784807002171874,NORMAL
6003,0.002823657589033246,NORMAL
6004,0.002856119768694043,NORMAL
6005,0.0028807702474296093,NORMAL
6006,0.002897461410611868,NORMAL
6007,0.002907977206632495,NORMAL
6008,0.0029168459586799145,NORMAL
6009,0.0028474025893956423,NORMAL
6010,0.0027847227174788713,NORMAL
6011,0.0027035546954721212,NORMAL
6012,0.002760943491011858,NORMAL
6013,0.002603966975584626,NORMAL
6014,0.002686104504391551,NORMAL
6015,0.0025648456066846848,NORMAL
6016,0.0027432150673121214,NORMAL
6017,0.002846698509529233,NORMAL
6018,0.0029446673579514027,NORMAL
6019,0.0030207843519747257,NORMAL
6020,0.0030476278625428677,NORMAL
6021,0.003029600949957967,NORMAL
6022,0.0028623405378311872,NORMAL
6023,0.002844753675162792,NORMAL
6024,0.0028255509678274393,NORMAL
6025,0.0028050874825567007,NORMAL
6026,0.0027837371453642845,NORMAL
6027,0.0027618936728686094,NORMAL
6028,0.0027399491518735886,NORMAL
6029,0.002718293573707342,NORMAL
6030,0.002697328105568886,NORMAL
6031,0.0026774441357702017,NORMAL
6032,0.002659064717590809,NORMAL
6033,0.002642621286213398,NORMAL
6034,0.002628602320328355,NORMAL
6035,0.002617551013827324,NORMAL
6036,0.0025199062656611204,NORMAL
6037,0.00242119119502604,NORMAL
6038,0.0023295425344258547,NORMAL
6039,0.002245823387056589,NORMAL
6040,0.0021707306150346994,NORMAL
6041,0.0021046530455350876,NORMAL
6042,0.0020473957993090153,NORMAL
6043,0.0019978585187345743,NORMAL
6044,0.0019537857733666897,NORMAL
6045,0.0019117733463644981,NORMAL
6046,0.0018677030457183719,NORMAL
6047,0.001817523268982768,NORMAL
6048,0.0017580862622708082,NORMAL
6049,0.0016878461465239525,NORMAL
6050,0.0016072067664936185,NORMAL
6051,0.0015184698859229684,NORMAL
6052,0.0014255346031859517,NORMAL
6053,0.0013336691772565246,NORMAL
6054,0.0012498616706579924,NORMAL
6055,0.0011836723424494267,NORMAL
6056,0.0011439858935773373,NORMAL
6057,0.0010969681898131967,NORMAL
6058,0.0011656867573037744,NORMAL
6059,0.001138255000114441,NORMAL
6060,0.0011040735989809036,NORMAL
6061,0.0010581319220364094,NORMAL
6062,0.0009912267560139298,NORMAL
6063,0.0008917487575672567,NORMAL
6064,0.0007878083852119744,NORMAL
6065,0.0005639896844513714,NORMAL
6066,0.0005338702467270195,NORMAL
6067,0.0005172580713406205,NORMAL
6068,0.0005129416822455823,NORMAL
6069,0.0005181318847462535,NORMAL
6070,0.0005286841769702733,NORMAL
6071,0.000539859407581389,NORMAL
6072,0.0005472874036058784,NORMAL
6073,0.000547675066627562,NORMAL
6074,0.000539043452590704,NORMAL
6075,0.0005205858033150434,NORMAL
6076,0.000492356950417161,NORMAL
6077,0.00045499036787077785,NORMAL
6078,0.00040949045796878636,NORMAL
6079,0.00035719183506444097,NORMAL
6080,0.00029995228396728635,NORMAL
6081,0.00024065288016572595,NORMAL
6082,0.0002664006024133414,NORMAL
6083,0.00020994698570575565,NORMAL
6084,0.00011690901737893,NORMAL
6085,0.0002100445271935314,NORMAL
6086,0.0002104022860294208,NORMAL
6087,0.00021015967649873346,NORMAL
6088,0.00020986869640182704,NORMAL
6089,0.00020951637998223305,NORMAL
6090,0.0002090940106427297,NORMAL
6091,0.00020858616335317492,NORMAL
6092,0.00020797351317014545,NORMAL
6093,0.00020723430498037487,NORMAL
6094,0.00020634061365853995,NORMAL
6095,0.00020526183652691543,NORMAL
6096,0.00020396168110892177,NORMAL
6097,0.00020240321464370936,NORMAL
6098,0.00020054253400303423,NORMAL
6099,0.0001983394322451204,NORMAL
6100,0.00019575102487578988,NORMAL
6101,0.0001927447010530159,NORMAL
6102,0.00018930083024315536,NORMAL
6103,0.0001854223955888301,NORMAL
6104,0.00018114647537004203,NORMAL
6105,0.0001765521737979725,NORMAL
6106,0.00017177687550429255,NORMAL
6107,0.00016701393178664148,NORMAL
6108,0.00016251472698058933,NORMAL
6109,0.00015856910613365471,NORMAL
6110,0.00015548159717582166,NORMAL
6111,0.00015353404160123318,NORMAL
6112,0.00015294966578949243,NORMAL
6113,0.0001538593351142481,NORMAL
6114,0.00015628545952495188,NORMAL
6115,0.00016013398999348283,NORMAL
6116,0.0001652161154197529,NORMAL
6117,0.00017126610327977687,NORMAL
6118,0.00017797866894397885,NORMAL
6119,0.00018503103638067842,NORMAL
6120,0.00019211300241295248,NORMAL
6121,0.00019893523131031543,NORMAL
6122,0.0002052320196526125,NORMAL
6123,0.00021075484983157367,NORMAL
6124,0.0002152454835595563,NORMAL
6125,0.00030022236751392484,NORMAL
6126,0.0003826200554613024,NORMAL
6127,0.00046174536691978574,NORMAL
6128,0.0005357271293178201,NORMAL
6129,0.0006064580520614982,NORMAL
6130,0.0007149915327318013,NORMAL
6131,0.0006746940198354423,NORMAL
6132,0.0007672993233427405,NORMAL
6133,0.0008799199713394046,NORMAL
6134,0.0008471709443256259,NORMAL
6135,0.000942401064094156,NORMAL
6136,0.0010225443402305245,NORMAL
6137,0.0011022272519767284,NORMAL
6138,0.0011813591700047255,NORMAL
6139,0.0012598459143191576,NORMAL
6140,0.0013375645503401756,NORMAL
6141,0.001414396334439516,NORMAL
6142,0.0014902018010616302,NORMAL
6143,0.0015648412518203259,NORMAL
6144,0.0016381758032366633,NORMAL
6145,0.0017100715776905417,NORMAL
6146,0.0017804137896746397,NORMAL
6147,0.0018491226946935058,NORMAL
6148,0.0019161732634529471,NORMAL
6149,0.0019815934356302023,NORMAL
6150,0.0020454905461519957,NORMAL
6151,0.0021080574952065945,NORMAL
6152,0.0021695843897759914,NORMAL
6153,0.002230428159236908,NORMAL
6154,0.002211855724453926,NORMAL
6155,0.002186486031860113,NORMAL
6156,0.0021613710559904575,NORMAL
6157,0.002137142699211836,NORMAL
6158,0.002114312257617712,NORMAL
6159,0.002093238988891244,NORMAL
6160,0.002074173418805003,NORMAL
6161,0.0020572806242853403,NORMAL
6162,0.00204262207262218,NORMAL
6163,0.002030137227848172,NORMAL
6164,0.002102126833051443,NORMAL
6165,0.0021007219329476357,NORMAL
6166,0.002093153540045023,NORMAL
6167,0.002084790961816907,NORMAL
6168,0.002073379699140787,NORMAL
6169,0.002054897602647543,NORMAL
6170,0.002021630760282278,NORMAL
6171,0.001958987908437848,NORMAL
6172,0.00184515374712646,NORMAL
6173,0.0016942485235631466,NORMAL
6174,0.0013995602494105697,NORMAL
6175,0.0012891697697341442,NORMAL
6176,0.0011829417198896408,NORMAL
6177,0.0010817223228514194,NORMAL
6178,0.0009864509338513017,NORMAL
6179,0.0009854043601080775,NORMAL
6180,0.0009930358501151204,NORMAL
6181,0.001007694168947637,NORMAL
6182,0.0010307121556252241,NORMAL
6183,0.0010634309146553278,NORMAL
6184,0.0011069924803450704,NORMAL
6185,0.0011619643773883581,NORMAL
6186,0.0012278984067961574,NORMAL
6187,0.001302959630265832,NORMAL
6188,0.0013839073944836855,NORMAL
6189,0.0014665682101622224,NORMAL
6190,0.0015466826735064387,NORMAL
6191,0.0016207582084462047,NORMAL
6192,0.001686560339294374,NORMAL
6193,0.0017432060558348894,NORMAL
6194,0.0017909231828525662,NORMAL
6195,0.0018306449055671692,NORMAL
6196,0.0018635498126968741,NORMAL
6197,0.0018908384954556823,NORMAL
6198,0.001913907122798264,NORMAL
6199,0.001935062580741942,NORMAL
6200,0.001958254026249051,NORMAL
6201,0.001985125709325075,NORMAL
6202,0.001974739134311676,NORMAL
6203,0.0020675905980169773,NORMAL
6204,0.0020557206589728594,NORMAL
6205,0.002036459045484662,NORMAL
6206,0.002014761557802558,NORMAL
6207,0.001990740420296788,NORMAL
6208,0.001964179566130042,NORMAL
6209,0.0019340073922649026,NORMAL
6210,0.001898113521747291,NORMAL
6211,0.0018573579145595431,NORMAL
6212,0.0018520142184570432,NORMAL
6213,0.0017101409612223506,NORMAL
6214,0.0017309843096882105,NORMAL
6215,0.001712542725726962,NORMAL
6216,0.0016955286264419556,NORMAL
6217,0.0016796760028228164,NORMAL
6218,0.0016645294381305575,NORMAL
6219,0.0017323887441307306,NORMAL
6220,0.0017227749340236187,NORMAL
6221,0.0017888587899506092,NORMAL
6222,0.001857688301242888,NORMAL
6223,0.0019195408094674349,NORMAL
6224,0.0019673812203109264,NORMAL
6225,0.0019012090051546693,NORMAL
6226,0.0017815141472965479,NORMAL
6227,0.0017227934440597892,NORMAL
6228,0.001444778754375875,NORMAL
6229,0.0014379714848473668,NORMAL
6230,0.0013538496568799019,NORMAL
6231,0.0012756071519106627,NORMAL
6232,0.001293626381084323,NORMAL
6233,0.0013226030860096216,NORMAL
6234,0.0013618494849652052,NORMAL
6235,0.0014119850238785148,NORMAL
6236,0.001472709933295846,NORMAL
6237,0.0015425266465172172,NORMAL
6238,0.0016186077846214175,NORMAL
6239,0.0016971200238913298,NORMAL
6240,0.0017738805618137121,NORMAL
6241,0.0018451118376106024,NORMAL
6242,0.0018252832815051079,NORMAL
6243,0.00187963480129838,NORMAL
6244,0.001920378184877336,NORMAL
6245,0.0018679335480555892,NORMAL
6246,0.0018054955871775746,NORMAL
6247,0.0018149474635720253,NORMAL
6248,0.0018180906772613525,NORMAL
6249,0.0017387599218636751,NORMAL
6250,0.0016637450316920877,NORMAL
6251,0.001598808914422989,NORMAL
6252,0.0015059475554153323,NORMAL
6253,0.001524392981082201,NORMAL
6254,0.0015121808974072337,NORMAL
6255,0.0015012439107522368,NORMAL
6256,0.0014913055347278714,NORMAL
6257,0.0014819847419857979,NORMAL
6258,0.0014728016685694456,NORMAL
6259,0.0014631908852607012,NORMAL
6260,0.0014524669386446476,NORMAL
6261,0.001439770800061524,NORMAL
6262,0.0014239143347367644,NORMAL
6263,0.001403003348968923,NORMAL
6264,0.0013736519031226635,NORMAL
6265,0.0013299793936312199,NORMAL
6266,0.00126620102673769,NORMAL
6267,0.0012134689604863524,NORMAL
6268,0.0010070228017866611,NORMAL
6269,0.0010474917944520712,NORMAL
6270,0.0008583450107835233,NORMAL
6271,0.0008165453327819705,NORMAL
6272,0.0007984954281710088,NORMAL
6273,0.0007640323601663113,NORMAL
6274,0.0008347987895831466,NORMAL
6275,0.0008202675962820649,NORMAL
6276,0.0006675116601400077,NORMAL
6277,0.0007870378904044628,NORMAL
6278,0.0006420640856958926,NORMAL
6279,0.000720738316886127,NORMAL
6280,0.0006901611341163516,NORMAL
6281,0.0005461531109176576,NORMAL
6282,0.0005428185104392469,NORMAL
6283,0.0005364979151636362,NORMAL
6284,0.0005252514965832233,NORMAL
6285,0.0005077620153315365,NORMAL
6286,0.00048375086043961346,NORMAL
6287,0.00045431600301526487,NORMAL
6288,0.00042174189002253115,NORMAL
6289,0.00038486107951030135,NORMAL
6290,0.0003029355139005929,NORMAL
6291,0.0003608680563047528,NORMAL
6292,0.0002722586796153337,NORMAL
6293,0.00018077882123179734,NORMAL
6294,0.00018815073417499661,NORMAL
6295,0.00021047465270385146,NORMAL
6296,0.00012940537999384105,NORMAL
6297,3.571295383153483e-05,NORMAL
6298,4.679736230173148e-05,NORMAL
6299,4.679736230173148e-05,NORMAL
6300,4.679736230173148e-05,NORMAL
6301,4.679736230173148e-05,NORMAL
6302,4.679736230173148e-05,NORMAL
6303,4.679736230173148e-05,NORMAL
6304,4.679736230173148e-05,NORMAL
6305,4.679736230173148e-05,NORMAL
6306,4.679736230173148e-05,NORMAL
6307,4.679736230173148e-05,NORMAL
6308,4.679736230173148e-05,NORMAL
6309,4.679736230173148e-05,NORMAL
6310,4.679736230173148e-05,NORMAL
6311,4.679736230173148e-05,NORMAL
6312,4.679736230173148e-05,NORMAL
6313,4.679736230173148e-05,NORMAL
6314,4.679736230173148e-05,NORMAL
6315,4.679736230173148e-05,NORMAL
6316,4.679736230173148e-05,NORMAL
6317,4.679736230173148e-05,NORMAL
6318,4.679736230173148e-05,NORMAL
6319,0.00012838258408010006,NORMAL
6320,0.00021023415320087224,NORMAL
6321,0.00021064061729703099,NORMAL
6322,0.0002918694808613509,NORMAL
6323,0.00037360095302574337,NORMAL
6324,0.00045525081804953516,NORMAL
6325,0.000455616187537089,NORMAL
6326,0.00053607695735991,NORMAL
6327,0.0006173255387693644,NORMAL
6328,0.0006983669591136277,NORMAL
6329,0.0007791670504957438,NORMAL
6330,0.0007788180373609066,NORMAL
6331,0.0008573913364671171,NORMAL
6332,0.0008563072769902647,NORMAL
6333,0.0008529729675501585,NORMAL
6334,0.0008489752653986216,NORMAL
6335,0.0008441874524578452,NORMAL
6336,0.0008385104592889547,NORMAL
6337,0.0008318163454532623,NORMAL
6338,0.0008239839808084071,NORMAL
6339,0.0008148944471031427,NORMAL
6340,0.0008044469286687672,NORMAL
6341,0.0007925801910459995,NORMAL
6342,0.0007792810210958123,NORMAL
6343,0.000764594879001379,NORMAL
6344,0.0007486532558687031,NORMAL
6345,0.0007316675037145615,NORMAL
6346,0.0007139370427466929,NORMAL
6347,0.0006958312005735934,NORMAL
6348,0.0006777878734283149,NORMAL
6349,0.0006602768553420901,NORMAL
6350,0.0006437806878238916,NORMAL
6351,0.0006287741125561297,NORMAL
6352,0.0006157002062536776,NORMAL
6353,0.0006049531511962414,NORMAL
6354,0.0005968684563413262,NORMAL
6355,0.0005917077651247382,NORMAL
6356,0.0005896519287489355,NORMAL
6357,0.000590773590374738,NORMAL
6358,0.0005950255435891449,NORMAL
6359,0.0006021994631737471,NORMAL
6360,0.000611885217949748,NORMAL
6361,0.0006234030588530004,NORMAL
6362,0.000635655946098268,NORMAL
6363,0.000646787288133055,NORMAL
6364,0.0006534928106702864,NORMAL
6365,0.0006503931945189834,NORMAL
6366,0.0006339189130812883,NORMAL
6367,0.0006429729401133955,NORMAL
6368,0.0005422936519607902,NORMAL
6369,0.0004946200642734766,NORMAL
6370,0.0005750897689722478,NORMAL
6371,0.00046934562851674855,NORMAL
6372,0.00043751002522185445,NORMAL
6373,0.0003574969305191189,NORMAL
6374,0.0004931534640491009,NORMAL
6375,0.00046654592733830214,NORMAL
6376,0.0004915661411359906,NORMAL
6377,0.0005168241914361715,NORMAL
6378,0.000503123621456325,NORMAL
6379,0.0006368870963342488,NORMAL
6380,0.0006047239294275641,NORMAL
6381,0.0006999366451054811,NORMAL
6382,0.0007810387178324163,NORMAL
6383,0.0008618773426860571,NORMAL
6384,0.000942401064094156,NORMAL
6385,0.0010225443402305245,NORMAL
6386,0.0010216329246759415,NORMAL
6387,0.0010987711139023304,NORMAL
6388,0.0011772140860557556,NORMAL
6389,0.0011745787924155593,NORMAL
6390,0.0011686625657603145,NORMAL
6391,0.0011615987168624997,NORMAL
6392,0.0011532390490174294,NORMAL
6393,0.001143463421612978,NORMAL
6394,0.001132141798734665,NORMAL
6395,0.001119156600907445,NORMAL
6396,0.0011044284328818321,NORMAL
6397,0.001087928656488657,NORMAL
6398,0.0010696924291551113,NORMAL
6399,0.0010498384945094585,NORMAL
6400,0.0010285611497238278,NORMAL
6401,0.001006151782348752,NORMAL
6402,0.0009829574264585972,NORMAL
6403,0.0009593960712663829,NORMAL
6404,0.0009359080577269197,NORMAL
6405,0.0009129533427767456,NORMAL
6406,0.0008909771568141878,NORMAL
6407,0.000870385323651135,NORMAL
6408,0.0008515441440977156,NORMAL
6409,0.0008347489056177437,NORMAL
6410,0.0008202277822420001,NORMAL
6411,0.0008081274572759867,NORMAL
6412,0.0007984988624230027,NORMAL
6413,0.0007912862347438931,NORMAL
6414,0.0007863140199333429,NORMAL
6415,0.0007832318660803139,NORMAL
6416,0.0007814557175152004,NORMAL
6417,0.000779966707341373,NORMAL
6418,0.0007768525392748415,NORMAL
6419,0.0007683176081627607,NORMAL
6420,0.0007474218145944178,NORMAL
6421,0.0007069056737236679,NORMAL
6422,0.0007640085532329977,NORMAL
6423,0.0007023736252449453,NORMAL
6424,0.0007850600522942841,NORMAL
6425,0.0008625071495771408,NORMAL
6426,0.0009327493607997894,NORMAL
6427,0.0009946852223947644,NORMAL
6428,0.0010480412747710943,NORMAL
6429,0.0010932661825791001,NORMAL
6430,0.0011315387673676014,NORMAL
6431,0.0011649574153125286,NORMAL
6432,0.0011963853612542152,NORMAL
6433,0.0012249500723555684,NORMAL
6434,0.0012102966429665685,NORMAL
6435,0.0013392710825428367,NORMAL
6436,0.0013340088771656156,NORMAL
6437,0.0013220460386946797,NORMAL
6438,0.001414396334439516,NORMAL
6439,0.0014902018010616302,NORMAL
6440,0.0015648412518203259,NORMAL
6441,0.0016381758032366633,NORMAL
6442,0.0017100715776905417,NORMAL
6443,0.0017804137896746397,NORMAL
6444,0.0018491226946935058,NORMAL
6445,0.0019161732634529471,NORMAL
6446,0.0019815934356302023,NORMAL
6447,0.0020454905461519957,NORMAL
6448,0.0021080574952065945,NORMAL
6449,0.0021695843897759914,NORMAL
6450,0.002230428159236908,NORMAL
6451,0.002291036769747734,NORMAL
6452,0.002351890318095684,NORMAL
6453,0.002413522219285369,NORMAL
6454,0.002396821742877364,NORMAL
6455,0.0024541676975786686,NORMAL
6456,0.0024407505989074707,NORMAL
6457,0.002422342309728265,NORMAL
6458,0.0024873323272913694,NORMAL
6459,0.002482003066688776,NORMAL
6460,0.00247238390147686,NORMAL
6461,0.0024657801259309053,NORMAL
6462,0.0024621388874948025,NORMAL
6463,0.002461157739162445,NORMAL
6464,0.0024619577452540398,NORMAL
6465,0.002462692093104124,NORMAL
6466,0.00245952932164073,NORMAL
6467,0.002444515936076641,NORMAL
6468,0.0024017000105232,NORMAL
6469,0.0023057719226926565,NORMAL
6470,0.0021652744617313147,NORMAL
6471,0.001968955621123314,NORMAL
6472,0.0018569950480014086,NORMAL
6473,0.0018305596895515919,NORMAL
6474,0.0018112815450876951,NORMAL
6475,0.00179210992064327,NORMAL
6476,0.0017735654255375266,NORMAL
6477,0.0017563471337780356,NORMAL
6478,0.0017412662273272872,NORMAL
6479,0.0017292239936068654,NORMAL
6480,0.0017211734084412456,NORMAL
6481,0.0017181411385536194,NORMAL
6482,0.0017212257953360677,NORMAL
6483,0.0017315498553216457,NORMAL
6484,0.0017502045957371593,NORMAL
6485,0.0017780859488993883,NORMAL
6486,0.0018156830919906497,NORMAL
6487,0.0018628027755767107,NORMAL
6488,0.001918401918374002,NORMAL
6489,0.0019805743359029293,NORMAL
6490,0.0020468200091272593,NORMAL
6491,0.002114377450197935,NORMAL
6492,0.002180563984438777,NORMAL
6493,0.002242935821413994,NORMAL
6494,0.002299349056556821,NORMAL
6495,0.002348083071410656,NORMAL
6496,0.00238792528398335,NORMAL
6497,0.002418403746560216,NORMAL
6498,0.0024401184637099504,NORMAL
6499,0.0024553248658776283,NORMAL
6500,0.002468444174155593,NORMAL
6501,0.0024823674466460943,NORMAL
6502,0.002461747732013464,NORMAL
6503,0.0025823740288615227,NORMAL
6504,0.0025147453416138887,NORMAL
6505,0.0026043227408081293,NORMAL
6506,0.0026868802960962057,NORMAL
6507,0.0026364049408584833,NORMAL
6508,0.002755984663963318,NORMAL
6509,0.002834048354998231,NORMAL
6510,0.0029167181346565485,NORMAL
6511,0.0030046496540308,NORMAL
6512,0.003098477376624942,NORMAL
6513,0.0031987314578145742,NORMAL
6514,0.0033055245876312256,NORMAL
6515,0.003417825326323509,NORMAL
6516,0.003531781956553459,NORMAL
6517,0.003637665882706642,NORMAL
6518,0.003719147527590394,NORMAL
6519,0.003792322939261794,NORMAL
6520,0.003715929575264454,NORMAL
6521,0.0038415873423218727,NORMAL
6522,0.003715463913977146,NORMAL
6523,0.003715463913977146,NORMAL
6524,0.003715463913977146,NORMAL
6525,0.003715463913977146,NORMAL
6526,0.003715463913977146,NORMAL
6527,0.003715463913977146,NORMAL
6528,0.003715463913977146,NORMAL
6529,0.003715463913977146,NORMAL
6530,0.003715463913977146,NORMAL
6531,0.003715463913977146,NORMAL
6532,0.003715463913977146,NORMAL
6533,0.003715463913977146,NORMAL
6534,0.003715463913977146,NORMAL
6535,0.003715463913977146,NORMAL
6536,0.003715463913977146,NORMAL
6537,0.003715463913977146,NORMAL
6538,0.003715463913977146,NORMAL
6539,0.003715463913977146,NORMAL
6540,0.003715463913977146,NORMAL
6541,0.003715463913977146,NORMAL
6542,0.003715463913977146,NORMAL
6543,0.003715463913977146,NORMAL
6544,0.003715463913977146,NORMAL
6545,0.003715463913977146,NORMAL
6546,0.003715463913977146,NORMAL
6547,0.003715463913977146,NORMAL
6548,0.003715463913977146,NORMAL
6549,0.003715463913977146,NORMAL
6550,0.003715463913977146,NORMAL
6551,0.003715463913977146,NORMAL
6552,0.003715463913977146,NORMAL
6553,0.003715463913977146,NORMAL
6554,0.003715463913977146,NORMAL
6555,0.003715463913977146,NORMAL
6556,0.003715463913977146,NORMAL
6557,0.003715463913977146,NORMAL
6558,0.003715463913977146,NORMAL
6559,0.003715463913977146,NORMAL
6560,0.003715463913977146,NORMAL
6561,0.003715463913977146,NORMAL
6562,0.003715463913977146,NORMAL
6563,0.003715463913977146,NORMAL
6564,0.003715463913977146,NORMAL
6565,0.003715463913977146,NORMAL
6566,0.003715463913977146,NORMAL
6567,0.003715463913977146,NORMAL
6568,0.003715463913977146,NORMAL
6569,0.003715463913977146,NORMAL
6570,0.003715463913977146,NORMAL
6571,0.003715463913977146,NORMAL
6572,0.003715463913977146,NORMAL
6573,0.003715463913977146,NORMAL
6574,0.003715463913977146,NORMAL
6575,0.003715463913977146,NORMAL
6576,0.003715463913977146,NORMAL
6577,0.003715463913977146,NORMAL
6578,0.003715463913977146,NORMAL
6579,0.003715463913977146,NORMAL
6580,0.003715463913977146,NORMAL
6581,0.003715463913977146,NORMAL
6582,0.003715463913977146,NORMAL
6583,0.003715463913977146,NORMAL
6584,0.003715463913977146,NORMAL
6585,0.003715463913977146,NORMAL
6586,0.003715463913977146,NORMAL
6587,0.003715463913977146,NORMAL
6588,0.003715463913977146,NORMAL
6589,0.003715463913977146,NORMAL
6590,0.003715463913977146,NORMAL
6591,0.003715463913977146,NORMAL
6592,0.003715463913977146,NORMAL
6593,0.003715463913977146,NORMAL
6594,0.003715463913977146,NORMAL
6595,0.003715463913977146,NORMAL
6596,0.003715463913977146,NORMAL
6597,0.003715463913977146,NORMAL
6598,0.003715463913977146,NORMAL
6599,0.003715463913977146,NORMAL
6600,0.003715463913977146,NORMAL
6601,0.003715463913977146,NORMAL
6602,0.003715463913977146,NORMAL
6603,0.003715463913977146,NORMAL
6604,0.003715463913977146,NORMAL
6605,0.003715463913977146,NORMAL
6606,0.003715463913977146,NORMAL
6607,0.003715463913977146,NORMAL
6608,0.003715463913977146,NORMAL
6609,0.003715463913977146,NORMAL
6610,0.003715463913977146,NORMAL
6611,0.003715463913977146,NORMAL
6612,0.003715463913977146,NORMAL
6613,0.003715463913977146,NORMAL
6614,0.003715463913977146,NORMAL
6615,0.003715463913977146,NORMAL
6616,0.003715463913977146,NORMAL
6617,0.003715463913977146,NORMAL
6618,0.003715463913977146,NORMAL
6619,0.003715463913977146,NORMAL
6620,0.003715463913977146,NORMAL
6621,0.003715463913977146,NORMAL
6622,0.003715463913977146,NORMAL
6623,0.003715463913977146,NORMAL
6624,0.003715463913977146,NORMAL
6625,0.003715463913977146,NORMAL
6626,0.003715463913977146,NORMAL
6627,0.003715463913977146,NORMAL
6628,0.003715463913977146,NORMAL
6629,0.003715463913977146,NORMAL
6630,0.003715463913977146,NORMAL
6631,0.003715463913977146,NORMAL
6632,0.003715463913977146,NORMAL
6633,0.003715463913977146,NORMAL
6634,0.003715463913977146,NORMAL
6635,0.003715463913977146,NORMAL
6636,0.003715463913977146,NORMAL
6637,0.003715463913977146,NORMAL
6638,0.003715463913977146,NORMAL
6639,0.003715463913977146,NORMAL
6640,0.003715463913977146,NORMAL
6641,0.003715463913977146,NORMAL
6642,0.003715463913977146,NORMAL
6643,0.003715463913977146,NORMAL
6644,0.003715463913977146,NORMAL
6645,0.003715463913977146,NORMAL
6646,0.003715463913977146,NORMAL
6647,0.003715463913977146,NORMAL
6648,0.003715463913977146,NORMAL
6649,0.003715463913977146,NORMAL
6650,0.003715463913977146,NORMAL
6651,0.003715463913977146,NORMAL
6652,0.003715463913977146,NORMAL
6653,0.003715463913977146,NORMAL
6654,0.003715463913977146,NORMAL
6655,0.003715463913977146,NORMAL
6656,0.003715463913977146,NORMAL
6657,0.003715463913977146,NORMAL
6658,0.003715463913977146,NORMAL
6659,0.003715463913977146,NORMAL
6660,0.003715463913977146,NORMAL
6661,0.003715463913977146,NORMAL
6662,0.003715463913977146,NORMAL
6663,0.003715463913977146,NORMAL
6664,0.003715463913977146,NORMAL
6665,0.003715463913977146,NORMAL
6666,0.003715463913977146,NORMAL
6667,0.003715463913977146,NORMAL
6668,0.003715463913977146,NORMAL
6669,0.003715463913977146,NORMAL
6670,0.003715463913977146,NORMAL
6671,0.003715463913977146,NORMAL
6672,0.003715463913977146,NORMAL
6673,0.003715463913977146,NORMAL
6674,0.003715463913977146,NORMAL
6675,0.003715463913977146,NORMAL
6676,0.003715463913977146,NORMAL
6677,0.003715463913977146,NORMAL
6678,0.003715463913977146,NORMAL
6679,0.003715463913977146,NORMAL
6680,0.003715463913977146,NORMAL
6681,0.003715463913977146,NORMAL
6682,0.003715463913977146,NORMAL
6683,0.003715463913977146,NORMAL
6684,0.003715463913977146,NORMAL
6685,0.003715463913977146,NORMAL
6686,0.003715463913977146,NORMAL
6687,0.003715463913977146,NORMAL
6688,0.003715463913977146,NORMAL
6689,0.003715463913977146,NORMAL
6690,0.003715463913977146,NORMAL
6691,0.003715463913977146,NORMAL
6692,0.003715463913977146,NORMAL
6693,0.003715463913977146,NORMAL
6694,0.003715463913977146,NORMAL
6695,0.003715463913977146,NORMAL
6696,0.003715463913977146,NORMAL
6697,0.003715463913977146,NORMAL
6698,0.003715463913977146,NORMAL
6699,0.003715463913977146,NORMAL
6700,0.003715463913977146,NORMAL
6701,0.003715463913977146,NORMAL
6702,0.003715463913977146,NORMAL
6703,0.003715463913977146,NORMAL
6704,0.003715463913977146,NORMAL
6705,0.003715463913977146,NORMAL
6706,0.003715463913977146,NORMAL
6707,0.003715463913977146,NORMAL
6708,0.003715463913977146,NORMAL
6709,0.003715463913977146,NORMAL
6710,0.003715463913977146,NORMAL
6711,0.003715463913977146,NORMAL
6712,0.003715463913977146,NORMAL
6713,0.003715463913977146,NORMAL
6714,0.003715463913977146,NORMAL
6715,0.003715463913977146,NORMAL
6716,0.003715463913977146,NORMAL
6717,0.003715463913977146,NORMAL
6718,0.003715463913977146,NORMAL
6719,0.003715463913977146,NORMAL
6720,0.0039635575376451015,NORMAL
6721,0.004225817043334246,NORMAL
6722,0.004489013459533453,NORMAL
6723,0.004752954468131065,NORMAL
6724,0.00501788966357708,NORMAL
6725,0.005284328944981098,NORMAL
6726,0.005552920512855053,NORMAL
6727,0.005824434570968151,NORMAL
6728,0.006099781487137079,NORMAL
6729,0.006379983387887478,NORMAL
6730,0.006666205357760191,NORMAL
6731,0.0069597805850207806,NORMAL
6732,0.007262207102030516,NORMAL
6733,0.007575219962745905,NORMAL
6734,0.0079007837921381,NORMAL
6735,0.008241160772740841,NORMAL
6736,0.008598998188972473,NORMAL
6737,0.00897734984755516,NORMAL
6738,0.009379787370562553,NORMAL
6739,0.00981048308312893,NORMAL
6740,0.010274339467287064,NORMAL
6741,0.010777095332741737,NORMAL
6742,0.011325431987643242,NORMAL
6743,0.011927166022360325,NORMAL
6744,0.012591361999511719,NORMAL
6745,0.013328468427062035,NORMAL
6746,0.013845359906554222,NORMAL
6747,0.014409593306481838,NORMAL
6748,0.015059908851981163,NORMAL
6749,0.015805944800376892,NORMAL
6750,0.01665463298559189,NORMAL
6751,0.01761074736714363,NORMAL
6752,0.018676621839404106,NORMAL
6753,0.01985197141766548,NORMAL
6754,0.021133434027433395,NORMAL
6755,0.02251439169049263,NORMAL
6756,0.023984629660844803,NORMAL
6757,0.025529904291033745,NORMAL
6758,0.02713126502931118,NORMAL
6759,0.028764206916093826,NORMAL
6760,0.03039749339222908,NORMAL
6761,0.03199135512113571,NORMAL
6762,0.033495549112558365,NORMAL
6763,0.034845639020204544,NORMAL
6764,0.035956140607595444,NORMAL
6765,0.03670676052570343,NORMAL
6766,0.036953214555978775,NORMAL
6767,0.03663952648639679,NORMAL
6768,0.0359322652220726,NORMAL
6769,0.034996021538972855,NORMAL
6770,0.03270794451236725,NORMAL
6771,0.030468497425317764,NORMAL
6772,0.02828391268849373,NORMAL
6773,0.026160072535276413,NORMAL
6774,0.02410290017724037,NORMAL
6775,0.022117923945188522,NORMAL
6776,0.02021060511469841,NORMAL
6777,0.018386218696832657,NORMAL
6778,0.01664995774626732,NORMAL
6779,0.015006975270807743,NORMAL
6780,0.013462499715387821,NORMAL
6781,0.012021991424262524,NORMAL
6782,0.010691331699490547,NORMAL
6783,0.009477103129029274,NORMAL
6784,0.008386540226638317,NORMAL
6785,0.00742692593485117,NORMAL
6786,0.0066034430637955666,NORMAL
6787,0.00591509323567152,NORMAL
6788,0.0053509133867919445,NORMAL
6789,0.004891065880656242,NORMAL
6790,0.004514576867222786,NORMAL
6791,0.00420879852026701,NORMAL
6792,0.0039750332944095135,NORMAL
6793,0.0038235674146562815,NORMAL
6794,0.003717299783602357,NORMAL
6795,0.003715463913977146,NORMAL
6796,0.003715463913977146,NORMAL
6797,0.003715463913977146,NORMAL
6798,0.003715463913977146,NORMAL
6799,0.003715463913977146,NORMAL
6800,0.003715463913977146,NORMAL
6801,0.003715463913977146,NORMAL
6802,0.003715463913977146,NORMAL
6803,0.003715463913977146,NORMAL
6804,0.003715463913977146,NORMAL
6805,0.003715463913977146,NORMAL
6806,0.003715463913977146,NORMAL
6807,0.003715463913977146,NORMAL
6808,0.003715463913977146,NORMAL
6809,0.003715463913977146,NORMAL
6810,0.003715463913977146,NORMAL
6811,0.003715463913977146,NORMAL
6812,0.003715463913977146,NORMAL
6813,0.003715463913977146,NORMAL
6814,0.003715463913977146,NORMAL
6815,0.003715463913977146,NORMAL
6816,0.003715463913977146,NORMAL
6817,0.003715463913977146,NORMAL
6818,0.003715463913977146,NORMAL
6819,0.003715463913977146,NORMAL
6820,0.003715463913977146,NORMAL
6821,0.003715463913977146,NORMAL
6822,0.003715463913977146,NORMAL
6823,0.003715463913977146,NORMAL
6824,0.003715463913977146,NORMAL
6825,0.003715463913977146,NORMAL
6826,0.003715463913977146,NORMAL
6827,0.003715463913977146,NORMAL
6828,0.0039635575376451015,NORMAL
6829,0.003977270796895027,NORMAL
6830,0.003977476619184017,NORMAL
6831,0.004226000048220158,NORMAL
6832,0.0042402483522892,NORMAL
6833,0.004490082152187824,NORMAL
6834,0.0045055970549583435,NORMAL
6835,0.00450783409178257,NORMAL
6836,0.004760363604873419,NORMAL
6837,0.005029555410146713,NORMAL
6838,0.005301701836287975,NORMAL
6839,0.0055768792517483234,NORMAL
6840,0.005855607334524393,NORMAL
6841,0.005886109080165625,NORMAL
6842,0.006157134659588337,NORMAL
6843,0.006196560803800821,NORMAL
6844,0.0062251524068415165,NORMAL
6845,0.006259499583393335,NORMAL
6846,0.006300584878772497,NORMAL
6847,0.006348990369588137,NORMAL
6848,0.006405151914805174,NORMAL
6849,0.006469398736953735,NORMAL
6850,0.006541987881064415,NORMAL
6851,0.006623091176152229,NORMAL
6852,0.006712838541716337,NORMAL
6853,0.0068112327717244625,NORMAL
6854,0.006918232422322035,NORMAL
6855,0.0070336866192519665,NORMAL
6856,0.007157355081290007,NORMAL
6857,0.007288888096809387,NORMAL
6858,0.007427805103361607,NORMAL
6859,0.007573436945676804,NORMAL
6860,0.007724911440163851,NORMAL
6861,0.007881101220846176,NORMAL
6862,0.008040529675781727,NORMAL
6863,0.00820131879299879,NORMAL
6864,0.00836113654077053,NORMAL
6865,0.008517091162502766,NORMAL
6866,0.008665808476507664,NORMAL
6867,0.008803443051874638,NORMAL
6868,0.00892593152821064,NORMAL
6869,0.009029162116348743,NORMAL
6870,0.009108981117606163,NORMAL
6871,0.009160560555756092,NORMAL
6872,0.009176543913781643,NORMAL
6873,0.009143520146608353,NORMAL
6874,0.009037911891937256,NORMAL
6875,0.00883559975773096,NORMAL
6876,0.008585219271481037,NORMAL
6877,0.008248928934335709,NORMAL
6878,0.007756924256682396,NORMAL
6879,0.007412613835185766,NORMAL
6880,0.006974407471716404,NORMAL
6881,0.006547576282173395,NORMAL
6882,0.00616671284660697,NORMAL
6883,0.005787400994449854,NORMAL
6884,0.005400898866355419,NORMAL
6885,0.00492369057610631,NORMAL
6886,0.004552117548882961,NORMAL
6887,0.00426363293081522,NORMAL
6888,0.004056302830576897,NORMAL
6889,0.003883632365614176,NORMAL
6890,0.003842590842396021,NORMAL
6891,0.003717299783602357,NORMAL
6892,0.003715463913977146,NORMAL
6893,0.003715463913977146,NORMAL
6894,0.003715463913977146,NORMAL
6895,0.003715463913977146,NORMAL
6896,0.003715463913977146,NORMAL
6897,0.003715463913977146,NORMAL
6898,0.003715463913977146,NORMAL
6899,0.003715463913977146,NORMAL
6900,0.0039635575376451015,NORMAL
6901,0.003977270796895027,NORMAL
6902,0.003977476619184017,NORMAL
6903,0.003977491054683924,NORMAL
6904,0.004226235672831535,NORMAL
6905,0.0044898842461407185,NORMAL
6906,0.004755035508424044,NORMAL
6907,0.005021580494940281,NORMAL
6908,0.005289869382977486,NORMAL
6909,0.0055605084635317326,NORMAL
6910,0.005834225565195084,NORMAL
6911,0.006111903581768274,NORMAL
6912,0.006394550669938326,NORMAL
6913,0.0066833351738750935,NORMAL
6914,0.006979560945183039,NORMAL
6915,0.007284768391400576,NORMAL
6916,0.007600674405694008,NORMAL
6917,0.007929298095405102,NORMAL
6918,0.00827292911708355,NORMAL
6919,0.008634250611066818,NORMAL
6920,0.009016367606818676,NORMAL
6921,0.009422902017831802,NORMAL
6922,0.009858088567852974,NORMAL
6923,0.01032688096165657,NORMAL
6924,0.010835054330527782,NORMAL
6925,0.011389329098165035,NORMAL
6926,0.011997566558420658,NORMAL
6927,0.012668791227042675,NORMAL
6928,0.013413474895060062,NORMAL
6929,0.014243521727621555,NORMAL
6930,0.015172464773058891,NORMAL
6931,0.01588955894112587,NORMAL
6932,0.01701131835579872,NORMAL
6933,0.018312782049179077,NORMAL
6934,0.01941286027431488,NORMAL
6935,0.02099168486893177,NORMAL
6936,0.022403348237276077,NORMAL
6937,0.02434718795120716,NORMAL
6938,0.0265540461987257,NORMAL
6939,0.028512680903077126,NORMAL
6940,0.030570469796657562,NORMAL
6941,0.03276586905121803,NORMAL
6942,0.03507496416568756,NORMAL
6943,0.03745522350072861,NORMAL
6944,0.03984207287430763,NORMAL
6945,0.042139533907175064,NORMAL
6946,0.04424621909856796,NORMAL
6947,0.04616965353488922,NORMAL
6948,0.048004161566495895,NORMAL
6949,0.049522265791893005,NORMAL
6950,0.0482419952750206,NORMAL
6951,0.048640355467796326,NORMAL
6952,0.048622146248817444,NORMAL
6953,0.048342976719141006,NORMAL
6954,0.045949291437864304,NORMAL
6955,0.043565068393945694,NORMAL
6956,0.041197244077920914,NORMAL
6957,0.03885256499052048,NORMAL
6958,0.036537718027830124,NORMAL
6959,0.03425926715135574,NORMAL
6960,0.032023511826992035,NORMAL
6961,0.02983669750392437,NORMAL
6962,0.027704935520887375,NORMAL
6963,0.025634171441197395,NORMAL
6964,0.023630298674106598,NORMAL
6965,0.02169918827712536,NORMAL
6966,0.01984678953886032,NORMAL
6967,0.018079141154885292,NORMAL
6968,0.016402674838900566,NORMAL
6969,0.014824268408119678,NORMAL
6970,0.01335116382688284,NORMAL
6971,0.011990707367658615,NORMAL
6972,0.01074891071766615,NORMAL
6973,0.009628552943468094,NORMAL
6974,0.008628305979073048,NORMAL
6975,0.0077454205602407455,NORMAL
6976,0.006981149781495333,NORMAL
6977,0.006343752145767212,NORMAL
6978,0.005838514771312475,NORMAL
6979,0.005407489370554686,NORMAL
6980,0.0051071494817733765,NORMAL
6981,0.004778832197189331,NORMAL
6982,0.0045199645683169365,NORMAL
6983,0.0043822480365633965,NORMAL
6984,0.004125415813177824,NORMAL
6985,0.004008909221738577,NORMAL
6986,0.0038235674146562815,NORMAL
6987,0.003717299783602357,NORMAL
6988,0.003715463913977146,NORMAL
6989,0.003715463913977146,NORMAL
6990,0.003715463913977146,NORMAL
6991,0.003715463913977146,NORMAL
6992,0.003715463913977146,NORMAL
6993,0.003715463913977146,NORMAL
6994,0.003715463913977146,NORMAL
6995,0.003715463913977146,NORMAL
6996,0.003715463913977146,NORMAL
6997,0.003715463913977146,NORMAL
6998,0.003715463913977146,NORMAL
6999,0.003715463913977146,NORMAL
7000,0.003715463913977146,NORMAL
7001,0.0039635575376451015,NORMAL
7002,0.003977270796895027,NORMAL
7003,0.003977476619184017,NORMAL
7004,0.004226000048220158,NORMAL
7005,0.0042402483522892,NORMAL
7006,0.004241131711751223,NORMAL
7007,0.004242322873324156,NORMAL
7008,0.004244286101311445,NORMAL
7009,0.0044962684623897076,NORMAL
7010,0.004764322191476822,NORMAL
7011,0.005034792236983776,NORMAL
7012,0.005307591520249844,NORMAL
7013,0.005583126097917557,NORMAL
7014,0.0058620586059987545,NORMAL
7015,0.006145207677036524,NORMAL
7016,0.0064335656352341175,NORMAL
7017,0.006728269625455141,NORMAL
7018,0.007030657958239317,NORMAL
7019,0.007342276629060507,NORMAL
7020,0.007664917036890984,NORMAL
7021,0.00800064206123352,NORMAL
7022,0.008351844735443592,NORMAL
7023,0.00872127991169691,NORMAL
7024,0.009112163446843624,NORMAL
7025,0.00952823180705309,NORMAL
7026,0.009973813779652119,NORMAL
7027,0.010453948751091957,NORMAL
7028,0.010974475182592869,NORMAL
7029,0.011542188934981823,NORMAL
7030,0.011876529082655907,NORMAL
7031,0.012233885936439037,NORMAL
7032,0.012646620161831379,NORMAL
7033,0.013121665455400944,NORMAL
7034,0.013664228841662407,NORMAL
7035,0.01427830196917057,NORMAL
7036,0.014966499991714954,NORMAL
7037,0.015729829668998718,NORMAL
7038,0.016567321494221687,NORMAL
7039,0.017475778236985207,NORMAL
7040,0.018449367955327034,NORMAL
7041,0.01947936974465847,NORMAL
7042,0.020553765818476677,NORMAL
7043,0.02165684662759304,NORMAL
7044,0.022768249735236168,NORMAL
7045,0.023859603330492973,NORMAL
7046,0.02488710917532444,NORMAL
7047,0.02578991837799549,NORMAL
7048,0.02654247358441353,NORMAL
7049,0.02724798396229744,NORMAL
7050,0.027872707694768906,NORMAL
7051,0.027206704020500183,NORMAL
7052,0.0276796817779541,NORMAL
7053,0.028039652854204178,NORMAL
7054,0.027068007737398148,NORMAL
7055,0.026885323226451874,NORMAL
7056,0.026249613612890244,NORMAL
7057,0.025273878127336502,NORMAL
7058,0.02410290017724037,NORMAL
7059,0.022117923945188522,NORMAL
7060,0.02021060511469841,NORMAL
7061,0.018386218696832657,NORMAL
7062,0.01664995774626732,NORMAL
7063,0.015006975270807743,NORMAL
7064,0.013462499715387821,NORMAL
7065,0.012021991424262524,NORMAL
7066,0.010691331699490547,NORMAL
7067,0.009477103129029274,NORMAL
7068,0.008386540226638317,NORMAL
7069,0.00742692593485117,NORMAL
7070,0.0066034430637955666,NORMAL
7071,0.00591509323567152,NORMAL
7072,0.0053509133867919445,NORMAL
7073,0.004891065880656242,NORMAL
7074,0.004514576867222786,NORMAL
7075,0.00420879852026701,NORMAL
7076,0.0039750332944095135,NORMAL
7077,0.0038235674146562815,NORMAL
7078,0.003717299783602357,NORMAL
7079,0.003715463913977146,NORMAL
7080,0.003715463913977146,NORMAL
7081,0.003715463913977146,NORMAL
7082,0.003715463913977146,NORMAL
7083,0.003715463913977146,NORMAL
7084,0.003715463913977146,NORMAL
7085,0.003715463913977146,NORMAL
7086,0.003715463913977146,NORMAL
7087,0.003715463913977146,NORMAL
7088,0.0039635575376451015,NORMAL
7089,0.003977270796895027,NORMAL
7090,0.003977476619184017,NORMAL
7091,0.003977491054683924,NORMAL
7092,0.003977733664214611,NORMAL
7093,0.00397838931530714,NORMAL
7094,0.003979521803557873,NORMAL
7095,0.0039811767637729645,NORMAL
7096,0.004231979139149189,NORMAL
7097,0.004248861223459244,NORMAL
7098,0.004501644987612963,NORMAL
7099,0.004769810475409031,NORMAL
7100,0.005039994604885578,NORMAL
7101,0.005312260240316391,NORMAL
7102,0.0055870600044727325,NORMAL
7103,0.005865075625479221,NORMAL
7104,0.0061471606604754925,NORMAL
7105,0.006434339098632336,NORMAL
7106,0.006727776490151882,NORMAL
7107,0.007028814405202866,NORMAL
7108,0.00733902445062995,NORMAL
7109,0.0076601882465183735,NORMAL
7110,0.007994369603693485,NORMAL
7111,0.008343947120010853,NORMAL
7112,0.008711627684533596,NORMAL
7113,0.009100593626499176,NORMAL
7114,0.009514528326690197,NORMAL
7115,0.009957706555724144,NORMAL
7116,0.010435099713504314,NORMAL
7117,0.010952459648251534,NORMAL
7118,0.011516478843986988,NORMAL
7119,0.012134871445596218,NORMAL
7120,0.012816502712666988,NORMAL
7121,0.013571510091423988,NORMAL
7122,0.014411372132599354,NORMAL
7123,0.015348953194916248,NORMAL
7124,0.016398556530475616,NORMAL
7125,0.01757580041885376,NORMAL
7126,0.018897509202361107,NORMAL
7127,0.020381450653076172,NORMAL
7128,0.02204592525959015,NORMAL
7129,0.02390926145017147,NORMAL
7130,0.025988969951868057,NORMAL
7131,0.028299640864133835,NORMAL
7132,0.030847879126667976,NORMAL
7133,0.03362129256129265,NORMAL
7134,0.03658997640013695,NORMAL
7135,0.03979814425110817,NORMAL
7136,0.043460629880428314,NORMAL
7137,0.047580331563949585,NORMAL
7138,0.04921866953372955,NORMAL
7139,0.053854890167713165,NORMAL
7140,0.058711227029561996,NORMAL
7141,0.06364190578460693,NORMAL
7142,0.06850900501012802,NORMAL
7143,0.07330639660358429,NORMAL
7144,0.07804957032203674,NORMAL
7145,0.0826745256781578,NORMAL
7146,0.08278027176856995,NORMAL
7147,0.08753228187561035,NORMAL
7148,0.08753228187561035,NORMAL
7149,0.08753228187561035,NORMAL
7150,0.08753228187561035,NORMAL
7151,0.08753228187561035,NORMAL
7152,0.08753228187561035,NORMAL
7153,0.08753228187561035,NORMAL
7154,0.08753228187561035,NORMAL
7155,0.08753228187561035,NORMAL
7156,0.08753228187561035,NORMAL
7157,0.08753228187561035,NORMAL
7158,0.08753228187561035,NORMAL
7159,0.08753228187561035,NORMAL
7160,0.08753228187561035,NORMAL
7161,0.08753228187561035,NORMAL
7162,0.08591774106025696,NORMAL
7163,0.08569233119487762,NORMAL
7164,0.08563432097434998,NORMAL
7165,0.08556394279003143,NORMAL
7166,0.0854693129658699,NORMAL
7167,0.0853542685508728,NORMAL
7168,0.0852237194776535,NORMAL
7169,0.08508174121379852,NORMAL
7170,0.08493127673864365,NORMAL
7171,0.08477452397346497,NORMAL
7172,0.08461274951696396,NORMAL
7173,0.08444708585739136,NORMAL
7174,0.08427827805280685,NORMAL
7175,0.08410685509443283,NORMAL
7176,0.08393321931362152,NORMAL
7177,0.0837579220533371,NORMAL
7178,0.08358134329319,NORMAL
7179,0.08340391516685486,NORMAL
7180,0.08322606235742569,NORMAL
7181,0.08304821699857712,NORMAL
7182,0.08287088572978973,NORMAL
7183,0.08269450813531876,NORMAL
7184,0.08251962810754776,NORMAL
7185,0.08234664797782898,NORMAL
7186,0.08217614889144897,NORMAL
7187,0.08200866729021072,NORMAL
7188,0.08184467256069183,NORMAL
7189,0.08168476074934006,NORMAL
7190,0.0815294086933136,NORMAL
7191,0.08137939125299454,NORMAL
7192,0.08123502135276794,NORMAL
7193,0.0810970664024353,NORMAL
7194,0.08096624165773392,NORMAL
7195,0.0808432400226593,NORMAL
7196,0.08072889596223831,NORMAL
7197,0.0806245356798172,NORMAL
7198,0.08053157478570938,NORMAL
7199,0.08045230805873871,NORMAL
7200,0.08039017766714096,NORMAL
7201,0.08035073429346085,NORMAL
7202,0.08034287393093109,NORMAL
7203,0.08038118481636047,NORMAL
7204,0.08048870414495468,NORMAL
7205,0.08070173859596252,NORMAL
7206,0.08106815069913864,NORMAL
7207,0.08159589022397995,NORMAL
7208,0.08215317875146866,NORMAL
7209,0.08253605663776398,NORMAL
7210,0.0826745256781578,NORMAL
7211,0.08278027176856995,NORMAL
7212,0.08934637904167175,NORMAL
7213,0.09143871068954468,NORMAL
7214,0.09364491701126099,NORMAL
7215,0.09598661214113235,NORMAL
7216,0.09850164502859116,NORMAL
7217,0.10122742503881454,NORMAL
7218,0.1020728051662445,NORMAL
7219,0.10497336089611053,NORMAL
7220,0.10837601870298386,NORMAL
7221,0.11210069805383682,NORMAL
7222,0.11375753581523895,NORMAL
7223,0.11533375829458237,NORMAL
7224,0.119565449655056,ANOMALY
7225,0.1218232810497284,ANOMALY
7226,0.12398013472557068,ANOMALY
7227,0.12902683019638062,ANOMALY
7228,0.13187775015830994,ANOMALY
7229,0.13459742069244385,ANOMALY
7230,0.13745014369487762,ANOMALY
7231,0.14044064283370972,ANOMALY
7232,0.1435510814189911,ANOMALY
7233,0.14676249027252197,ANOMALY
7234,0.15005716681480408,ANOMALY
7235,0.15341892838478088,ANOMALY
7236,0.15683190524578094,ANOMALY
7237,0.16028068959712982,ANOMALY
7238,0.16374902427196503,ANOMALY
7239,0.16722065210342407,ANOMALY
7240,0.17067818343639374,ANOMALY
7241,0.17410385608673096,ANOMALY
7242,0.1774788349866867,ANOMALY
7243,0.18078409135341644,ANOMALY
7244,0.18400007486343384,ANOMALY
7245,0.1871064305305481,ANOMALY
7246,0.19008247554302216,ANOMALY
7247,0.19290657341480255,ANOMALY
7248,0.19555480778217316,ANOMALY
7249,0.19799929857254028,ANOMALY
7250,0.2002025544643402,ANOMALY
7251,0.20210792124271393,ANOMALY
7252,0.20361825823783875,ANOMALY
7253,0.2045627236366272,ANOMALY
7254,0.2046896368265152,ANOMALY
7255,0.20380431413650513,ANOMALY
7256,0.20197902619838715,ANOMALY
7257,0.19948793947696686,ANOMALY
7258,0.19662687182426453,ANOMALY
7259,0.1936563104391098,ANOMALY
7260,0.19074474275112152,ANOMALY
7261,0.18767240643501282,ANOMALY
7262,0.17495113611221313,ANOMALY
7263,0.1629798710346222,ANOMALY
7264,0.15178894996643066,ANOMALY
7265,0.14143872261047363,ANOMALY
7266,0.1319601684808731,ANOMALY
7267,0.12344679981470108,ANOMALY
7268,0.12217845022678375,ANOMALY
7269,0.1143268421292305,NORMAL
7270,0.10699735581874847,NORMAL
7271,0.10026789456605911,NORMAL
7272,0.09953346848487854,NORMAL
7273,0.09885463118553162,NORMAL
7274,0.09298750758171082,NORMAL
7275,0.09287477284669876,NORMAL
7276,0.09275875240564346,NORMAL
7277,0.08753228187561035,NORMAL
7278,0.08753228187561035,NORMAL
7279,0.08753228187561035,NORMAL
7280,0.08753228187561035,NORMAL
7281,0.08753228187561035,NORMAL
7282,0.08753228187561035,NORMAL
7283,0.08753228187561035,NORMAL
7284,0.08753228187561035,NORMAL
7285,0.08753228187561035,NORMAL
7286,0.08753228187561035,NORMAL
7287,0.08753228187561035,NORMAL
7288,0.08753228187561035,NORMAL
7289,0.08753228187561035,NORMAL
7290,0.08753228187561035,NORMAL
7291,0.08753228187561035,NORMAL
7292,0.08753228187561035,NORMAL
7293,0.08753228187561035,NORMAL
7294,0.08934637904167175,NORMAL
7295,0.08958199620246887,NORMAL
7296,0.09150052815675735,NORMAL
7297,0.0937218964099884,NORMAL
7298,0.09609314054250717,NORMAL
7299,0.09863506257534027,NORMAL
7300,0.10138369351625443,NORMAL
7301,0.10437577217817307,NORMAL
7302,0.10764795541763306,NORMAL
7303,0.11123732477426529,NORMAL
7304,0.11518317461013794,NORMAL
7305,0.11952777206897736,ANOMALY
7306,0.12431778758764267,ANOMALY
7307,0.12960541248321533,ANOMALY
7308,0.1354493796825409,ANOMALY
7309,0.14191579818725586,ANOMALY
7310,0.14907987415790558,ANOMALY
7311,0.1570262759923935,ANOMALY
7312,0.16585086286067963,ANOMALY
7313,0.1756611466407776,ANOMALY
7314,0.18657691776752472,ANOMALY
7315,0.1987309455871582,ANOMALY
7316,0.21226754784584045,ANOMALY
7317,0.22734084725379944,ANOMALY
7318,0.24411115050315857,ANOMALY
7319,0.2556462287902832,ANOMALY
7320,0.2747887969017029,ANOMALY
7321,0.2882390320301056,ANOMALY
7322,0.30160221457481384,ANOMALY
7323,0.3153988718986511,ANOMALY
7324,0.3295048773288727,ANOMALY
7325,0.34374481439590454,ANOMALY
7326,0.3579459488391876,ANOMALY
7327,0.37194404006004333,ANOMALY
7328,0.3855842649936676,ANOMALY
7329,0.39871710538864136,ANOMALY
7330,0.41118770837783813,ANOMALY
7331,0.42280709743499756,ANOMALY
7332,0.4333009719848633,ANOMALY
7333,0.4423125982284546,ANOMALY
7334,0.4496692717075348,ANOMALY
7335,0.45534926652908325,ANOMALY
7336,0.45929741859436035,ANOMALY
7337,0.46168917417526245,ANOMALY
7338,0.46278077363967896,ANOMALY
7339,0.4627550542354584,ANOMALY
7340,0.46172812581062317,ANOMALY
7341,0.45975634455680847,ANOMALY
7342,0.45680028200149536,ANOMALY
7343,0.4525706470012665,ANOMALY
7344,0.43113818764686584,ANOMALY
7345,0.4260387718677521,ANOMALY
7346,0.40416276454925537,ANOMALY
7347,0.38266047835350037,ANOMALY
7348,0.36158987879753113,ANOMALY
7349,0.3410097062587738,ANOMALY
7350,0.32097774744033813,ANOMALY
7351,0.3015483021736145,ANOMALY
7352,0.28277117013931274,ANOMALY
7353,0.2646898031234741,ANOMALY
7354,0.24734041094779968,ANOMALY
7355,0.23075203597545624,ANOMALY
7356,0.2149468958377838,ANOMALY
7357,0.19994381070137024,ANOMALY
7358,0.18576127290725708,ANOMALY
7359,0.17242345213890076,ANOMALY
7360,0.15996572375297546,ANOMALY
7361,0.14843717217445374,ANOMALY
7362,0.13788123428821564,ANOMALY
7363,0.12829908728599548,ANOMALY
7364,0.11964399367570877,ANOMALY
7365,0.11185632646083832,NORMAL
7366,0.10485721379518509,NORMAL
7367,0.10071363300085068,NORMAL
7368,0.09512251615524292,NORMAL
7369,0.0950637236237526,NORMAL
7370,0.0897180363535881,NORMAL
7371,0.09167959541082382,NORMAL
7372,0.09204719215631485,NORMAL
7373,0.09225345402956009,NORMAL
7374,0.09248688071966171,NORMAL
7375,0.0927569568157196,NORMAL
7376,0.0930575281381607,NORMAL
7377,0.0933818593621254,NORMAL
7378,0.09372448176145554,NORMAL
7379,0.09408155083656311,NORMAL
7380,0.09445016086101532,NORMAL
7381,0.09482832998037338,NORMAL
7382,0.09521438926458359,NORMAL
7383,0.09760401397943497,NORMAL
7384,0.09827129542827606,NORMAL
7385,0.10082177817821503,NORMAL
7386,0.10160361975431442,NORMAL
7387,0.10222122818231583,NORMAL
7388,0.10288266837596893,NORMAL
7389,0.10578148066997528,NORMAL
7390,0.10683726519346237,NORMAL
7391,0.10771670192480087,NORMAL
7392,0.10863637924194336,NORMAL
7393,0.11194287985563278,NORMAL
7394,0.11327701807022095,NORMAL
7395,0.11688199639320374,ANOMALY
7396,0.1209792047739029,ANOMALY
7397,0.12269428372383118,ANOMALY
7398,0.12423031032085419,ANOMALY
7399,0.12585517764091492,ANOMALY
7400,0.12756966054439545,ANOMALY
7401,0.13222581148147583,ANOMALY
7402,0.13446959853172302,ANOMALY
7403,0.13647598028182983,ANOMALY
7404,0.13851894438266754,ANOMALY
7405,0.14059950411319733,ANOMALY
7406,0.14268915355205536,ANOMALY
7407,0.1447484940290451,ANOMALY
7408,0.1467195451259613,ANOMALY
7409,0.1485157012939453,ANOMALY
7410,0.1500396877527237,ANOMALY
7411,0.1513078659772873,ANOMALY
7412,0.15250557661056519,ANOMALY
7413,0.15743570029735565,ANOMALY
7414,0.1590922623872757,ANOMALY
7415,0.16031597554683685,ANOMALY
7416,0.1614098697900772,ANOMALY
7417,0.15306730568408966,ANOMALY
7418,0.15480954945087433,ANOMALY
7419,0.15661922097206116,ANOMALY
7420,0.15817300975322723,ANOMALY
7421,0.15034377574920654,ANOMALY
7422,0.1519775539636612,ANOMALY
7423,0.1534746140241623,ANOMALY
7424,0.15476961433887482,ANOMALY
7425,0.15575774013996124,ANOMALY
7426,0.15631888806819916,ANOMALY
7427,0.15644612908363342,ANOMALY
7428,0.15630054473876953,ANOMALY
7429,0.15609046816825867,ANOMALY
7430,0.15598538517951965,ANOMALY
7431,0.15593765676021576,ANOMALY
7432,0.15557266771793365,ANOMALY
7433,0.1465950906276703,ANOMALY
7434,0.1460641324520111,ANOMALY
7435,0.13756103813648224,ANOMALY
7436,0.13705772161483765,ANOMALY
7437,0.13624198734760284,ANOMALY
7438,0.13492414355278015,ANOMALY
7439,0.12624213099479675,ANOMALY
7440,0.12490562349557877,ANOMALY
7441,0.1238212138414383,ANOMALY
7442,0.12297090888023376,ANOMALY
7443,0.11567235738039017,NORMAL
7444,0.11520124226808548,NORMAL
7445,0.10821346938610077,NORMAL
7446,0.10169366002082825,NORMAL
7447,0.10126427561044693,NORMAL
7448,0.1010550707578659,NORMAL
7449,0.10105133801698685,NORMAL
7450,0.10100466012954712,NORMAL
7451,0.0953838899731636,NORMAL
7452,0.09542260318994522,NORMAL
7453,0.09542404115200043,NORMAL
7454,0.09536992013454437,NORMAL
7455,0.095229871571064,NORMAL
7456,0.09495686739683151,NORMAL
7457,0.0945010781288147,NORMAL
7458,0.09389711171388626,NORMAL
7459,0.0933324322104454,NORMAL
7460,0.09298750758171082,NORMAL
7461,0.09287477284669876,NORMAL
7462,0.09275875240564346,NORMAL
7463,0.08753228187561035,NORMAL
7464,0.08753228187561035,NORMAL
7465,0.08753228187561035,NORMAL
7466,0.08753228187561035,NORMAL
7467,0.08753228187561035,NORMAL
7468,0.08753228187561035,NORMAL
7469,0.08753228187561035,NORMAL
7470,0.08753228187561035,NORMAL
7471,0.08753228187561035,NORMAL
7472,0.08753228187561035,NORMAL
7473,0.08591774106025696,NORMAL
7474,0.08411652594804764,NORMAL
7475,0.08230186253786087,NORMAL
7476,0.08196520060300827,NORMAL
7477,0.0802568644285202,NORMAL
7478,0.07833065837621689,NORMAL
7479,0.07634995132684708,NORMAL
7480,0.07432147860527039,NORMAL
7481,0.07224113494157791,NORMAL
7482,0.07010673731565475,NORMAL
7483,0.06791883707046509,NORMAL
7484,0.06568017601966858,NORMAL
7485,0.06339515000581741,NORMAL
7486,0.06106940656900406,NORMAL
7487,0.05870915949344635,NORMAL
7488,0.056321173906326294,NORMAL
7489,0.05491119995713234,NORMAL
7490,0.0535605251789093,NORMAL
7491,0.052160073071718216,NORMAL
7492,0.05071993172168732,NORMAL
7493,0.0492573119699955,NORMAL
7494,0.04778647422790527,NORMAL
7495,0.046318236738443375,NORMAL
7496,0.04486069828271866,NORMAL
7497,0.04342004284262657,NORMAL
7498,0.04200109466910362,NORMAL
7499,0.04060778021812439,NORMAL
7500,0.039243414998054504,NORMAL
7501,0.03876378387212753,NORMAL
7502,0.03838229551911354,NORMAL
7503,0.03802197054028511,NORMAL
7504,0.03768905624747276,NORMAL
7505,0.03739559277892113,NORMAL
7506,0.037152379751205444,NORMAL
7507,0.03696887195110321,NORMAL
7508,0.03685378655791283,NORMAL
7509,0.03681561350822449,NORMAL
7510,0.03686366230249405,NORMAL
7511,0.0370088629424572,NORMAL
7512,0.03726500645279884,NORMAL
7513,0.037649959325790405,NORMAL
7514,0.038187090307474136,NORMAL
7515,0.03890697658061981,NORMAL
7516,0.03984968736767769,NORMAL
7517,0.041070885956287384,NORMAL
7518,0.042654577642679214,NORMAL
7519,0.04471288248896599,NORMAL
7520,0.04730617627501488,NORMAL
7521,0.050325460731983185,NORMAL
7522,0.053731732070446014,NORMAL
7523,0.0615479052066803,NORMAL
7524,0.07128031551837921,NORMAL
7525,0.08185815811157227,NORMAL
7526,0.08755245059728622,NORMAL
7527,0.10137693583965302,NORMAL
7528,0.11774428188800812,ANOMALY
7529,0.13697360455989838,ANOMALY
7530,0.15930183231830597,ANOMALY
7531,0.18470020592212677,ANOMALY
7532,0.2126433253288269,ANOMALY
7533,0.2426583617925644,ANOMALY
7534,0.2749074101448059,ANOMALY
7535,0.30930623412132263,ANOMALY
7536,0.34511664509773254,ANOMALY
7537,0.38104504346847534,ANOMALY
7538,0.40309634804725647,ANOMALY
7539,0.4107149839401245,ANOMALY
7540,0.4055989384651184,ANOMALY
7541,0.3978295624256134,ANOMALY
7542,0.3883494436740875,ANOMALY
7543,0.3773950934410095,ANOMALY
7544,0.3651945888996124,ANOMALY
7545,0.3519495725631714,ANOMALY
7546,0.3378429412841797,ANOMALY
7547,0.3230481743812561,ANOMALY
7548,0.3077322244644165,ANOMALY
7549,0.29202398657798767,ANOMALY
7550,0.2758598327636719,ANOMALY
7551,0.25032272934913635,ANOMALY
7552,0.2331194132566452,ANOMALY
7553,0.21693456172943115,ANOMALY
7554,0.2012619525194168,ANOMALY
7555,0.1862020492553711,ANOMALY
7556,0.17184434831142426,ANOMALY
7557,0.15823625028133392,ANOMALY
7558,0.14539308845996857,ANOMALY
7559,0.13330870866775513,ANOMALY
7560,0.12196460366249084,ANOMALY
7561,0.11133620887994766,NORMAL
7562,0.10383088141679764,NORMAL
7563,0.09680365771055222,NORMAL
7564,0.0900416448712349,NORMAL
7565,0.08359404653310776,NORMAL
7566,0.07752451300621033,NORMAL
7567,0.07189749926328659,NORMAL
7568,0.0667826384305954,NORMAL
7569,0.06225604563951492,NORMAL
7570,0.058380838483572006,NORMAL
7571,0.055149782449007034,NORMAL
7572,0.05365307256579399,NORMAL
7573,0.052447400987148285,NORMAL
7574,0.05136869102716446,NORMAL
7575,0.05329396203160286,NORMAL
7576,0.05545879900455475,NORMAL
7577,0.057916607707738876,NORMAL
7578,0.06073228269815445,NORMAL
7579,0.06398835778236389,NORMAL
7580,0.06779378652572632,NORMAL
7581,0.07230035960674286,NORMAL
7582,0.07773146033287048,NORMAL
7583,0.08439626544713974,NORMAL
7584,0.09260302782058716,NORMAL
7585,0.10263478010892868,NORMAL
7586,0.11492715775966644,NORMAL
7587,0.13023115694522858,ANOMALY
7588,0.16420944035053253,ANOMALY
7589,0.18631263077259064,ANOMALY
7590,0.23739343881607056,ANOMALY
7591,0.3060722053050995,ANOMALY
7592,0.39425981044769287,ANOMALY
7593,0.49785077571868896,ANOMALY
7594,0.6112049221992493,ANOMALY
7595,0.7279101610183716,ANOMALY
7596,0.8408691883087158,ANOMALY
7597,0.9429275393486023,ANOMALY
7598,1.0325953960418701,ANOMALY
7599,1.1106714010238647,ANOMALY
7600,1.1772788763046265,ANOMALY
7601,1.231879472732544,ANOMALY
7602,1.231492280960083,ANOMALY
7603,1.227267861366272,ANOMALY
7604,1.2205806970596313,ANOMALY
7605,1.2117111682891846,ANOMALY
7606,1.2008612155914307,ANOMALY
7607,1.1882247924804688,ANOMALY
7608,1.1739935874938965,ANOMALY
7609,1.1583515405654907,ANOMALY
7610,1.1414477825164795,ANOMALY
7611,1.1232860088348389,ANOMALY
7612,1.0944781303405762,ANOMALY
7613,1.0656497478485107,ANOMALY
7614,1.03681480884552,ANOMALY
7615,1.0079916715621948,ANOMALY
7616,0.9792093634605408,ANOMALY
7617,0.9505069851875305,ANOMALY
7618,0.9219409823417664,ANOMALY
7619,0.8935859203338623,ANOMALY
7620,0.865502119064331,ANOMALY
7621,0.8375772833824158,ANOMALY
7622,0.799818754196167,ANOMALY
7623,0.761911928653717,ANOMALY
7624,0.7238483428955078,ANOMALY
7625,0.6856071352958679,ANOMALY
7626,0.647172212600708,ANOMALY
7627,0.6085474491119385,ANOMALY
7628,0.5697634220123291,ANOMALY
7629,0.5477067828178406,ANOMALY
7630,0.5251381397247314,ANOMALY
7631,0.5010626912117004,ANOMALY
7632,0.4756375551223755,ANOMALY
7633,0.44905921816825867,ANOMALY
7634,0.42152759432792664,ANOMALY
7635,0.3932793438434601,ANOMALY
7636,0.37669476866722107,ANOMALY
7637,0.34802600741386414,ANOMALY
7638,0.32985058426856995,ANOMALY
7639,0.33130642771720886,ANOMALY
7640,0.32260215282440186,ANOMALY
7641,0.32387709617614746,ANOMALY
7642,0.32677921652793884,ANOMALY
7643,0.3203423023223877,ANOMALY
7644,0.31414470076560974,ANOMALY
7645,0.30880609154701233,ANOMALY
7646,0.3041090965270996,ANOMALY
7647,0.29985833168029785,ANOMALY
7648,0.2959448993206024,ANOMALY
7649,0.2923852205276489,ANOMALY
7650,0.2894192039966583,ANOMALY
7651,0.2878081798553467,ANOMALY
7652,0.31275108456611633,ANOMALY
7653,0.34032246470451355,ANOMALY
7654,0.3705655038356781,ANOMALY
7655,0.40343621373176575,ANOMALY
7656,0.4387953281402588,ANOMALY
7657,0.4622780680656433,ANOMALY
7658,0.48492252826690674,ANOMALY
7659,0.5074360370635986,ANOMALY
7660,0.5294956564903259,ANOMALY
7661,0.5507533550262451,ANOMALY
7662,0.5709046721458435,ANOMALY
7663,0.5896759629249573,ANOMALY
7664,0.6067633032798767,ANOMALY
7665,0.6217175722122192,ANOMALY
7666,0.6339657306671143,ANOMALY
7667,0.643342912197113,ANOMALY
7668,0.65021812915802,ANOMALY
7669,0.6549557447433472,ANOMALY
7670,0.6577372550964355,ANOMALY
7671,0.6585736274719238,ANOMALY
7672,0.6573692560195923,ANOMALY
7673,0.6541876792907715,ANOMALY
7674,0.6492528319358826,ANOMALY
7675,0.6427459120750427,ANOMALY
7676,0.6350023150444031,ANOMALY
7677,0.6439870595932007,ANOMALY
7678,0.6527402997016907,ANOMALY
7679,0.6452579498291016,ANOMALY
7680,0.6379736661911011,ANOMALY
7681,0.6309599280357361,ANOMALY
7682,0.6241716146469116,ANOMALY
7683,0.6175286769866943,ANOMALY
7684,0.6108565926551819,ANOMALY
7685,0.6036949157714844,ANOMALY
7686,0.5775217413902283,ANOMALY
7687,0.5699189305305481,ANOMALY
7688,0.5585452318191528,ANOMALY
7689,0.5466110110282898,ANOMALY
7690,0.5558634400367737,ANOMALY
7691,0.5402306318283081,ANOMALY
7692,0.5238614678382874,ANOMALY
7693,0.5344838500022888,ANOMALY
7694,0.5466439127922058,ANOMALY
7695,0.5608294010162354,ANOMALY
7696,0.5770129561424255,ANOMALY
7697,0.5948769450187683,ANOMALY
7698,0.614184558391571,ANOMALY
7699,0.6348013877868652,ANOMALY
7700,0.6566520929336548,ANOMALY
7701,0.6797006130218506,ANOMALY
7702,0.7039579153060913,ANOMALY
7703,0.7295249700546265,ANOMALY
7704,0.7567062973976135,ANOMALY
7705,0.7862440347671509,ANOMALY
7706,0.8197910785675049,ANOMALY
7707,0.9038743376731873,ANOMALY
7708,0.9883752465248108,ANOMALY
7709,1.0704314708709717,ANOMALY
7710,1.1475175619125366,ANOMALY
7711,1.1953586339950562,ANOMALY
7712,1.2384839057922363,ANOMALY
7713,1.2779557704925537,ANOMALY
7714,1.3135626316070557,ANOMALY
7715,1.3448618650436401,ANOMALY
7716,1.371118426322937,ANOMALY
7717,1.392289161682129,ANOMALY
7718,1.409321904182434,ANOMALY
7719,1.422997236251831,ANOMALY
7720,1.4338146448135376,ANOMALY
7721,1.4421463012695312,ANOMALY
7722,1.4482934474945068,ANOMALY
7723,1.4525115489959717,ANOMALY
7724,1.4550247192382812,ANOMALY
7725,1.4332433938980103,ANOMALY
7726,1.4103758335113525,ANOMALY
7727,1.3793104887008667,ANOMALY
7728,1.3486084938049316,ANOMALY
7729,1.3181489706039429,ANOMALY
7730,1.2878645658493042,ANOMALY
7731,1.2577210664749146,ANOMALY
7732,1.2277088165283203,ANOMALY
7733,1.1978346109390259,ANOMALY
7734,1.168118953704834,ANOMALY
7735,1.1385974884033203,ANOMALY
7736,1.1093002557754517,ANOMALY
7737,1.080134391784668,ANOMALY
7738,1.0437556505203247,ANOMALY
7739,1.0071746110916138,ANOMALY
7740,0.9703817963600159,ANOMALY
7741,0.9333834648132324,ANOMALY
7742,0.8961977958679199,ANOMALY
7743,0.8588520884513855,ANOMALY
7744,0.821363627910614,ANOMALY
7745,0.8048262596130371,ANOMALY
7746,0.7883245348930359,ANOMALY
7747,0.7707351446151733,ANOMALY
7748,0.7520831823348999,ANOMALY
7749,0.7324104309082031,ANOMALY
7750,0.7117194533348083,ANOMALY
7751,0.6899803876876831,ANOMALY
7752,0.6671439409255981,ANOMALY
7753,0.6431487202644348,ANOMALY
7754,0.6179319620132446,ANOMALY
7755,0.5914407968521118,ANOMALY
7756,0.5812039971351624,ANOMALY
7757,0.5696690082550049,ANOMALY
7758,0.5558634400367737,ANOMALY
7759,0.5402306318283081,ANOMALY
7760,0.5238614678382874,ANOMALY
7761,0.5344838500022888,ANOMALY
7762,0.5466439127922058,ANOMALY
7763,0.5608294010162354,ANOMALY
7764,0.5770129561424255,ANOMALY
7765,0.5948769450187683,ANOMALY
7766,0.614184558391571,ANOMALY
7767,0.6543903946876526,ANOMALY
7768,0.6777477860450745,ANOMALY
7769,0.7219845652580261,ANOMALY
7770,0.7698887586593628,ANOMALY
7771,0.7981241345405579,ANOMALY
7772,0.8498941659927368,ANOMALY
7773,0.8832327127456665,ANOMALY
7774,0.9198681712150574,ANOMALY
7775,1.0088194608688354,ANOMALY
7776,1.0961577892303467,ANOMALY
7777,1.1783262491226196,ANOMALY
7778,1.2548598051071167,ANOMALY
7779,1.3264132738113403,ANOMALY
7780,1.3929574489593506,ANOMALY
7781,1.4540998935699463,ANOMALY
7782,1.5087497234344482,ANOMALY
7783,1.5559110641479492,ANOMALY
7784,1.596765160560608,ANOMALY
7785,1.6325552463531494,ANOMALY
7786,1.641413688659668,ANOMALY
7787,1.6696105003356934,ANOMALY
7788,1.672250509262085,ANOMALY
7789,1.6721121072769165,ANOMALY
7790,1.6695054769515991,ANOMALY
7791,1.6646002531051636,ANOMALY
7792,1.6577383279800415,ANOMALY
7793,1.6493312120437622,ANOMALY
7794,1.6399937868118286,ANOMALY
7795,1.625089168548584,ANOMALY
7796,1.6105360984802246,ANOMALY
7797,1.5964546203613281,ANOMALY
7798,1.5828146934509277,ANOMALY
7799,1.5695199966430664,ANOMALY
7800,1.556504726409912,ANOMALY
7801,1.5437408685684204,ANOMALY
7802,1.5312256813049316,ANOMALY
7803,1.518986701965332,ANOMALY
7804,1.5070888996124268,ANOMALY
7805,1.4733548164367676,ANOMALY
7806,1.4588207006454468,ANOMALY
7807,1.4447457790374756,ANOMALY
7808,1.4306952953338623,ANOMALY
7809,1.4167795181274414,ANOMALY
7810,1.4031389951705933,ANOMALY
7811,1.389918565750122,ANOMALY
7812,1.3771874904632568,ANOMALY
7813,1.3649200201034546,ANOMALY
7814,1.3531497716903687,ANOMALY
7815,1.3419064283370972,ANOMALY
7816,1.3310164213180542,ANOMALY
7817,1.3134429454803467,ANOMALY
7818,1.3024979829788208,ANOMALY
7819,1.3080198764801025,ANOMALY
7820,1.3123928308486938,ANOMALY
7821,1.324460506439209,ANOMALY
7822,1.325939655303955,ANOMALY
7823,1.336859941482544,ANOMALY
7824,1.347412109375,ANOMALY
7825,1.3576066493988037,ANOMALY
7826,1.3674359321594238,ANOMALY
7827,1.4019697904586792,ANOMALY
7828,1.4360219240188599,ANOMALY
7829,1.4691789150238037,ANOMALY
7830,1.5018744468688965,ANOMALY
7831,1.5340564250946045,ANOMALY
7832,1.5650619268417358,ANOMALY
7833,1.5948753356933594,ANOMALY
7834,1.623794436454773,ANOMALY
7835,1.627853274345398,ANOMALY
7836,1.671645164489746,ANOMALY
7837,1.6754200458526611,ANOMALY
7838,1.694530963897705,ANOMALY
7839,1.713008999824524,ANOMALY
7840,1.730476975440979,ANOMALY
7841,1.7463788986206055,ANOMALY
7842,1.7602077722549438,ANOMALY
7843,1.772122859954834,ANOMALY
7844,1.7825850248336792,ANOMALY
7845,1.7918543815612793,ANOMALY
7846,1.79997980594635,ANOMALY
7847,1.8067976236343384,ANOMALY
7848,1.8119300603866577,ANOMALY
7849,1.8151723146438599,ANOMALY
7850,1.7970209121704102,ANOMALY
7851,1.7787175178527832,ANOMALY
7852,1.7603890895843506,ANOMALY
7853,1.7619208097457886,ANOMALY
7854,1.7428689002990723,ANOMALY
7855,1.728602647781372,ANOMALY
7856,1.7100671529769897,ANOMALY
7857,1.6921042203903198,ANOMALY
7858,1.6746773719787598,ANOMALY
7859,1.6578094959259033,ANOMALY
7860,1.6415616273880005,ANOMALY
7861,1.6258807182312012,ANOMALY
7862,1.6106598377227783,ANOMALY
7863,1.595820426940918,ANOMALY
7864,1.581324815750122,ANOMALY
7865,1.5671647787094116,ANOMALY
7866,1.553370714187622,ANOMALY
7867,1.5400207042694092,ANOMALY
7868,1.5272198915481567,ANOMALY
7869,1.5122544765472412,ANOMALY
7870,1.4976059198379517,ANOMALY
7871,1.4833117723464966,ANOMALY
7872,1.4920843839645386,ANOMALY
7873,1.5013619661331177,ANOMALY
7874,1.5112648010253906,ANOMALY
7875,1.521824836730957,ANOMALY
7876,1.5326898097991943,ANOMALY
7877,1.5397320985794067,ANOMALY
7878,1.546518087387085,ANOMALY
7879,1.5767626762390137,ANOMALY
7880,1.6060497760772705,ANOMALY
7881,1.6339638233184814,ANOMALY
7882,1.660558819770813,ANOMALY
7883,1.6858508586883545,ANOMALY
7884,1.7098885774612427,ANOMALY
7885,1.7397537231445312,ANOMALY
7886,1.761619210243225,ANOMALY
7887,1.7898386716842651,ANOMALY
7888,1.8171582221984863,ANOMALY
7889,1.843492031097412,ANOMALY
7890,1.8686485290527344,ANOMALY
7891,1.8922266960144043,ANOMALY
7892,1.9136674404144287,ANOMALY
7893,1.932891845703125,ANOMALY
7894,1.950343370437622,ANOMALY
7895,1.9663165807724,ANOMALY
7896,1.9808039665222168,ANOMALY
7897,1.9935221672058105,ANOMALY
7898,2.004138946533203,ANOMALY
7899,2.0128233432769775,ANOMALY
7900,2.025090456008911,ANOMALY
7901,2.035569667816162,ANOMALY
7902,2.0446085929870605,ANOMALY
7903,2.0318262577056885,ANOMALY
7904,2.039867639541626,ANOMALY
7905,2.0296900272369385,ANOMALY
7906,2.019577741622925,ANOMALY
7907,2.0092966556549072,ANOMALY
7908,1.9988197088241577,ANOMALY
7909,1.9881625175476074,ANOMALY
7910,1.9773625135421753,ANOMALY
7911,1.9664578437805176,ANOMALY
7912,1.955483078956604,ANOMALY
7913,1.9444701671600342,ANOMALY
7914,1.9334486722946167,ANOMALY
7915,1.922451138496399,ANOMALY
7916,1.8945207595825195,ANOMALY
7917,1.8847177028656006,ANOMALY
7918,1.8574601411819458,ANOMALY
7919,1.8311371803283691,ANOMALY
7920,1.805729627609253,ANOMALY
7921,1.7815014123916626,ANOMALY
7922,1.7584277391433716,ANOMALY
7923,1.736191987991333,ANOMALY
7924,1.7148016691207886,ANOMALY
7925,1.694325566291809,ANOMALY
7926,1.674838662147522,ANOMALY
7927,1.6564139127731323,ANOMALY
7928,1.639161229133606,ANOMALY
7929,1.6223845481872559,ANOMALY
7930,1.6060203313827515,ANOMALY
7931,1.5900088548660278,ANOMALY
7932,1.574295163154602,ANOMALY
7933,1.5588308572769165,ANOMALY
7934,1.5435726642608643,ANOMALY
7935,1.52848219871521,ANOMALY
7936,1.5355162620544434,ANOMALY
7937,1.5423495769500732,ANOMALY
7938,1.5490604639053345,ANOMALY
7939,1.5559452772140503,ANOMALY
7940,1.5630316734313965,ANOMALY
7941,1.5703845024108887,ANOMALY
7942,1.5779709815979004,ANOMALY
7943,1.5855777263641357,ANOMALY
7944,1.59299635887146,ANOMALY
7945,1.6000800132751465,ANOMALY
7946,1.606714129447937,ANOMALY
7947,1.6127982139587402,ANOMALY
7948,1.6182379722595215,ANOMALY
7949,1.6465891599655151,ANOMALY
7950,1.6734236478805542,ANOMALY
7951,1.698585867881775,ANOMALY
7952,1.7222965955734253,ANOMALY
7953,1.7518227100372314,ANOMALY
7954,1.7730952501296997,ANOMALY
7955,1.8005026578903198,ANOMALY
7956,1.8262492418289185,ANOMALY
7957,1.849741816520691,ANOMALY
7958,1.8921704292297363,ANOMALY
7959,1.9106143712997437,ANOMALY
7960,1.9482687711715698,ANOMALY
7961,1.98337721824646,ANOMALY
7962,2.016207456588745,ANOMALY
7963,2.046917200088501,ANOMALY
7964,2.075399160385132,ANOMALY
7965,2.10117244720459,ANOMALY
7966,2.1280946731567383,ANOMALY
7967,2.1308443546295166,ANOMALY
7968,2.136488437652588,ANOMALY
7969,2.1406052112579346,ANOMALY
7970,2.143275737762451,ANOMALY
7971,2.1445422172546387,ANOMALY
7972,2.1443541049957275,ANOMALY
7973,2.1425912380218506,ANOMALY
7974,2.139298439025879,ANOMALY
7975,2.1345865726470947,ANOMALY
7976,2.1285669803619385,ANOMALY
7977,2.1215298175811768,ANOMALY
7978,2.1004674434661865,ANOMALY
7979,2.079967975616455,ANOMALY
7980,2.059720516204834,ANOMALY
7981,2.039886236190796,ANOMALY
7982,2.0207154750823975,ANOMALY
7983,2.00240421295166,ANOMALY
7984,1.9850465059280396,ANOMALY
7985,1.968798041343689,ANOMALY
7986,1.954281210899353,ANOMALY
7987,1.9403436183929443,ANOMALY
7988,1.9269479513168335,ANOMALY
7989,1.9140701293945312,ANOMALY
7990,1.901700735092163,ANOMALY
7991,1.8898555040359497,ANOMALY
7992,1.8785910606384277,ANOMALY
7993,1.8680293560028076,ANOMALY
7994,1.8583656549453735,ANOMALY
7995,1.8497952222824097,ANOMALY
7996,1.8423641920089722,ANOMALY
7997,1.8360328674316406,ANOMALY
7998,1.8308806419372559,ANOMALY
7999,1.8274253606796265,ANOMALY
8000,1.824430227279663,ANOMALY
8001,1.8218425512313843,ANOMALY
8002,1.8196229934692383,ANOMALY
8003,1.8177425861358643,ANOMALY
8004,1.8161882162094116,ANOMALY
8005,1.8149746656417847,ANOMALY
8006,1.8141728639602661,ANOMALY
8007,1.8139238357543945,ANOMALY
8008,1.8330602645874023,ANOMALY
8009,1.851033329963684,ANOMALY
8010,1.8687310218811035,ANOMALY
8011,1.8857418298721313,ANOMALY
8012,1.9020864963531494,ANOMALY
8013,1.9177322387695312,ANOMALY
8014,1.9326119422912598,ANOMALY
8015,1.9466015100479126,ANOMALY
8016,1.9594848155975342,ANOMALY
8017,1.9721261262893677,ANOMALY
8018,1.9842416048049927,ANOMALY
8019,1.995824933052063,ANOMALY
8020,2.0068531036376953,ANOMALY
8021,2.0172677040100098,ANOMALY
8022,2.0269389152526855,ANOMALY
8023,2.035625696182251,ANOMALY
8024,2.0430009365081787,ANOMALY
8025,2.0652194023132324,ANOMALY
8026,2.068490982055664,ANOMALY
8027,2.0711007118225098,ANOMALY
8028,2.0736353397369385,ANOMALY
8029,2.0756165981292725,ANOMALY
8030,2.0771005153656006,ANOMALY
8031,2.0781500339508057,ANOMALY
8032,2.0788228511810303,ANOMALY
8033,2.07916522026062,ANOMALY
8034,2.0792102813720703,ANOMALY
8035,2.0789780616760254,ANOMALY
8036,2.078470230102539,ANOMALY
8037,2.0776612758636475,ANOMALY
8038,2.0764882564544678,ANOMALY
8039,2.074866771697998,ANOMALY
8040,2.0728304386138916,ANOMALY
8041,2.056330919265747,ANOMALY
8042,2.040799617767334,ANOMALY
8043,2.0257577896118164,ANOMALY
8044,2.011110305786133,ANOMALY
8045,1.9968169927597046,ANOMALY
8046,1.9828801155090332,ANOMALY
8047,1.9693125486373901,ANOMALY
8048,1.9561249017715454,ANOMALY
8049,1.9433205127716064,ANOMALY
8050,1.930901050567627,ANOMALY
8051,1.918867826461792,ANOMALY
8052,1.9072281122207642,ANOMALY
8053,1.8960015773773193,ANOMALY
8054,1.885237693786621,ANOMALY
8055,1.8750473260879517,ANOMALY
8056,1.8656706809997559,ANOMALY
8057,1.857546329498291,ANOMALY
8058,1.85140061378479,ANOMALY
8059,1.8462066650390625,ANOMALY
8060,1.8418382406234741,ANOMALY
8061,1.8562551736831665,ANOMALY
8062,1.8701236248016357,ANOMALY
8063,1.883716106414795,ANOMALY
8064,1.8970856666564941,ANOMALY
8065,1.9102165699005127,ANOMALY
8066,1.9230650663375854,ANOMALY
8067,1.9355931282043457,ANOMALY
8068,1.9477720260620117,ANOMALY
8069,1.9595859050750732,ANOMALY
8070,1.9710261821746826,ANOMALY
8071,1.9820915460586548,ANOMALY
8072,1.992785930633545,ANOMALY
8073,2.0031354427337646,ANOMALY
8074,2.029806613922119,ANOMALY
8075,2.0538883209228516,ANOMALY
8076,2.07486629486084,ANOMALY
8077,2.093380928039551,ANOMALY
8078,2.1099565029144287,ANOMALY
8079,2.12502121925354,ANOMALY
8080,2.1387977600097656,ANOMALY
8081,2.151416063308716,ANOMALY
8082,2.162963628768921,ANOMALY
8083,2.173485517501831,ANOMALY
8084,2.182960271835327,ANOMALY
8085,2.191265106201172,ANOMALY
8086,2.198152542114258,ANOMALY
8087,2.2033822536468506,ANOMALY
8088,2.2070090770721436,ANOMALY
8089,2.2092549800872803,ANOMALY
8090,2.2101380825042725,ANOMALY
8091,2.198030948638916,ANOMALY
8092,2.186342716217041,ANOMALY
8093,2.174520969390869,ANOMALY
8094,2.1625757217407227,ANOMALY
8095,2.1505722999572754,ANOMALY
8096,2.138582706451416,ANOMALY
8097,2.126668691635132,ANOMALY
8098,2.1148810386657715,ANOMALY
8099,2.103266477584839,ANOMALY
8100,2.0918798446655273,ANOMALY
8101,2.080805778503418,ANOMALY
8102,2.070176124572754,ANOMALY
8103,2.0601916313171387,ANOMALY
8104,2.0510663986206055,ANOMALY
8105,2.0428624153137207,ANOMALY
8106,2.022862195968628,ANOMALY
8107,2.0041704177856445,ANOMALY
8108,1.9861890077590942,ANOMALY
8109,1.9689744710922241,ANOMALY
8110,1.9528311491012573,ANOMALY
8111,1.9392739534378052,ANOMALY
8112,1.9262549877166748,ANOMALY
8113,1.9137763977050781,ANOMALY
8114,1.901832103729248,ANOMALY
8115,1.8904151916503906,ANOMALY
8116,1.8795197010040283,ANOMALY
8117,1.869147539138794,ANOMALY
8118,1.859317660331726,ANOMALY
8119,1.8500791788101196,ANOMALY
8120,1.8415342569351196,ANOMALY
8121,1.8338732719421387,ANOMALY
8122,1.8274061679840088,ANOMALY
8123,1.8225085735321045,ANOMALY
8124,1.820064902305603,ANOMALY
8125,1.8183035850524902,ANOMALY
8126,1.8170747756958008,ANOMALY
8127,1.8162715435028076,ANOMALY
8128,1.8158180713653564,ANOMALY
8129,1.8156498670578003,ANOMALY
8130,1.8340662717819214,ANOMALY
8131,1.8515123128890991,ANOMALY
8132,1.8683680295944214,ANOMALY
8133,1.8847390413284302,ANOMALY
8134,1.900636911392212,ANOMALY
8135,1.9160315990447998,ANOMALY
8136,1.9308831691741943,ANOMALY
8137,1.9451442956924438,ANOMALY
8138,1.9762670993804932,ANOMALY
8139,2.005030632019043,ANOMALY
8140,2.0317533016204834,ANOMALY
8141,2.0567007064819336,ANOMALY
8142,2.080129623413086,ANOMALY
8143,2.1017982959747314,ANOMALY
8144,2.1361382007598877,ANOMALY
8145,2.165524959564209,ANOMALY
8146,2.1913483142852783,ANOMALY
8147,2.214360475540161,ANOMALY
8148,2.2347850799560547,ANOMALY
8149,2.252492666244507,ANOMALY
8150,2.277841091156006,ANOMALY
8151,2.2979302406311035,ANOMALY
8152,2.314274311065674,ANOMALY
8153,2.3273394107818604,ANOMALY
8154,2.3370361328125,ANOMALY
8155,2.3431689739227295,ANOMALY
8156,2.344357490539551,ANOMALY
8157,2.343125104904175,ANOMALY
8158,2.3396549224853516,ANOMALY
8159,2.3339850902557373,ANOMALY
8160,2.326333999633789,ANOMALY
8161,2.3170976638793945,ANOMALY
8162,2.3066742420196533,ANOMALY
8163,2.2953624725341797,ANOMALY
8164,2.2833452224731445,ANOMALY
8165,2.2707409858703613,ANOMALY
8166,2.2576417922973633,ANOMALY
8167,2.244122266769409,ANOMALY
8168,2.230245590209961,ANOMALY
8169,2.2160661220550537,ANOMALY
8170,2.201626777648926,ANOMALY
8171,2.186965227127075,ANOMALY
8172,2.172112226486206,ANOMALY
8173,2.1570959091186523,ANOMALY
8174,2.141939163208008,ANOMALY
8175,2.12666654586792,ANOMALY
8176,2.111306667327881,ANOMALY
8177,2.0959086418151855,ANOMALY
8178,2.0806026458740234,ANOMALY
8179,2.0657708644866943,ANOMALY
8180,2.0542125701904297,ANOMALY
8181,2.042612314224243,ANOMALY
8182,2.0347588062286377,ANOMALY
8183,2.026237726211548,ANOMALY
8184,2.017524480819702,ANOMALY
8185,2.008606195449829,ANOMALY
8186,1.999463677406311,ANOMALY
8187,1.9902923107147217,ANOMALY
8188,1.9836622476577759,ANOMALY
8189,1.9762444496154785,ANOMALY
8190,1.968103289604187,ANOMALY
8191,1.959381103515625,ANOMALY
8192,1.9535470008850098,ANOMALY
8193,1.9472875595092773,ANOMALY
8194,1.943705439567566,ANOMALY
8195,1.9396084547042847,ANOMALY
8196,1.9348769187927246,ANOMALY
8197,1.9294042587280273,ANOMALY
8198,1.9232478141784668,ANOMALY
8199,1.9199774265289307,ANOMALY
8200,1.918418526649475,ANOMALY
8201,1.9159605503082275,ANOMALY
8202,1.9126511812210083,ANOMALY
8203,1.911839485168457,ANOMALY
8204,1.9093449115753174,ANOMALY
8205,1.9055252075195312,ANOMALY
8206,1.900394082069397,ANOMALY
8207,1.8940150737762451,ANOMALY
8208,1.8903199434280396,ANOMALY
8209,1.8846913576126099,ANOMALY
8210,1.8776037693023682,ANOMALY
8211,1.8692176342010498,ANOMALY
8212,1.859728217124939,ANOMALY
8213,1.8492753505706787,ANOMALY
8214,1.8423675298690796,ANOMALY
8215,1.8331992626190186,ANOMALY
8216,1.8225312232971191,ANOMALY
8217,1.8106029033660889,ANOMALY
8218,1.7975893020629883,ANOMALY
8219,1.788240671157837,ANOMALY
8220,1.776099681854248,ANOMALY
8221,1.762223720550537,ANOMALY
8222,1.746928095817566,ANOMALY
8223,1.730466604232788,ANOMALY
8224,1.7130509614944458,ANOMALY
8225,1.6948573589324951,ANOMALY
8226,1.6760156154632568,ANOMALY
8227,1.6566224098205566,ANOMALY
8228,1.6367597579956055,ANOMALY
8229,1.616511583328247,ANOMALY
8230,1.596014142036438,ANOMALY
8231,1.5756707191467285,ANOMALY
8232,1.5581152439117432,ANOMALY
8233,1.5403138399124146,ANOMALY
8234,1.5222985744476318,ANOMALY
8235,1.5040979385375977,ANOMALY
8236,1.4857382774353027,ANOMALY
8237,1.4672436714172363,ANOMALY
8238,1.4486407041549683,ANOMALY
8239,1.4299670457839966,ANOMALY
8240,1.4113202095031738,ANOMALY
8241,1.3966376781463623,ANOMALY
8242,1.3827656507492065,ANOMALY
8243,1.3678863048553467,ANOMALY
8244,1.3523145914077759,ANOMALY
8245,1.3362846374511719,ANOMALY
8246,1.3199372291564941,ANOMALY
8247,1.3034276962280273,ANOMALY
8248,1.2871593236923218,ANOMALY
8249,1.2735106945037842,ANOMALY
8250,1.2597237825393677,ANOMALY
8251,1.2459033727645874,ANOMALY
8252,1.232421875,ANOMALY
8253,1.221493124961853,ANOMALY
8254,1.21254301071167,ANOMALY
8255,1.2018141746520996,ANOMALY
8256,1.1903787851333618,ANOMALY
8257,1.1788657903671265,ANOMALY
8258,1.1695160865783691,ANOMALY
8259,1.159896969795227,ANOMALY
8260,1.150072693824768,ANOMALY
8261,1.1401019096374512,ANOMALY
8262,1.1308070421218872,ANOMALY
8263,1.1206358671188354,ANOMALY
8264,1.1122227907180786,ANOMALY
8265,1.103411316871643,ANOMALY
8266,1.0943593978881836,ANOMALY
8267,1.0852316617965698,ANOMALY
8268,1.0755088329315186,ANOMALY
8269,1.0674939155578613,ANOMALY
8270,1.059126377105713,ANOMALY
8271,1.050521969795227,ANOMALY
8272,1.0417412519454956,ANOMALY
8273,1.0328224897384644,ANOMALY
8274,1.0237913131713867,ANOMALY
8275,1.0146660804748535,ANOMALY
8276,1.0054606199264526,ANOMALY
8277,0.996184766292572,ANOMALY
8278,0.9862415790557861,ANOMALY
8279,0.9756867289543152,ANOMALY
8280,0.9647884964942932,ANOMALY
8281,0.9536784887313843,ANOMALY
8282,0.9424296617507935,ANOMALY
8283,0.9310790300369263,ANOMALY
8284,0.9196478128433228,ANOMALY
8285,0.9081529378890991,ANOMALY
8286,0.896609365940094,ANOMALY
8287,0.8850348591804504,ANOMALY
8288,0.8734564185142517,ANOMALY
8289,0.8619529604911804,ANOMALY
8290,0.8508672118186951,ANOMALY
8291,0.8418779969215393,ANOMALY
8292,0.8328609466552734,ANOMALY
8293,0.8238154649734497,ANOMALY
8294,0.8147411942481995,ANOMALY
8295,0.8056392073631287,ANOMALY
8296,0.7965127825737,ANOMALY
8297,0.787365734577179,ANOMALY
8298,0.7782036066055298,ANOMALY
8299,0.7690322995185852,ANOMALY
8300,0.7598606944084167,ANOMALY
8301,0.7507079839706421,ANOMALY
8302,0.7416462898254395,ANOMALY
8303,0.7330130934715271,ANOMALY
8304,0.7263392806053162,ANOMALY
8305,0.7196455597877502,ANOMALY
8306,0.7129323482513428,ANOMALY
8307,0.7062035202980042,ANOMALY
8308,0.6994683742523193,ANOMALY
8309,0.6927503347396851,ANOMALY
8310,0.686126708984375,ANOMALY
8311,0.679943323135376,ANOMALY
8312,0.6755934953689575,ANOMALY
8313,0.6704003810882568,ANOMALY
8314,0.6648474931716919,ANOMALY
8315,0.6591846942901611,ANOMALY
8316,0.6538472175598145,ANOMALY
8317,0.6501304507255554,ANOMALY
8318,0.6463659405708313,ANOMALY
8319,0.6425623893737793,ANOMALY
8320,0.6387255191802979,ANOMALY
8321,0.6348599791526794,ANOMALY
8322,0.6309717893600464,ANOMALY
8323,0.6270686984062195,ANOMALY
8324,0.6231623291969299,ANOMALY
8325,0.6182345747947693,ANOMALY
8326,0.6131173372268677,ANOMALY
8327,0.6082519292831421,ANOMALY
8328,0.6048417687416077,ANOMALY
8329,0.6013845205307007,ANOMALY
8330,0.597899854183197,ANOMALY
8331,0.5943965911865234,ANOMALY
8332,0.5897173881530762,ANOMALY
8333,0.5848442316055298,ANOMALY
8334,0.5798179507255554,ANOMALY
8335,0.5747249722480774,ANOMALY
8336,0.5696018934249878,ANOMALY
8337,0.5644638538360596,ANOMALY
8338,0.5580792427062988,ANOMALY
8339,0.551603376865387,ANOMALY
8340,0.5450131893157959,ANOMALY
8341,0.5383849143981934,ANOMALY
8342,0.531745970249176,ANOMALY
8343,0.5251069068908691,ANOMALY
8344,0.5184707045555115,ANOMALY
8345,0.5105652809143066,ANOMALY
8346,0.5026718378067017,ANOMALY
8347,0.49470579624176025,ANOMALY
8348,0.48673081398010254,ANOMALY
8349,0.4787644147872925,ANOMALY
8350,0.47081077098846436,ANOMALY
8351,0.4628663659095764,ANOMALY
8352,0.454924613237381,ANOMALY
8353,0.4469778537750244,ANOMALY
8354,0.4390196204185486,ANOMALY
8355,0.43104568123817444,ANOMALY
8356,0.423055499792099,ANOMALY
8357,0.41505149006843567,ANOMALY
8358,0.4070398211479187,ANOMALY
8359,0.39903125166893005,ANOMALY
8360,0.3910462558269501,ANOMALY
8361,0.38315334916114807,ANOMALY
8362,0.37567973136901855,ANOMALY
8363,0.36961811780929565,ANOMALY
8364,0.3635474443435669,ANOMALY
8365,0.3574632406234741,ANOMALY
8366,0.3513624668121338,ANOMALY
8367,0.3452439606189728,ANOMALY
8368,0.3391088545322418,ANOMALY
8369,0.3329602777957916,ANOMALY
8370,0.32680267095565796,ANOMALY
8371,0.32064324617385864,ANOMALY
8372,0.31449857354164124,ANOMALY
8373,0.30843406915664673,ANOMALY
8374,0.3027764558792114,ANOMALY
